source_root_id,target_root_id,source_node_id,target_node_id,source_title,target_title,tfidf_similarity
root_06,root_13,"MATSUNO K, 2002, J MARKETING","NARVER JC, 1990, J MARKETING",THE EFFECTS OF ENTREPRENEURIAL PROCLIVITY AND MARKET ORIENTATION ON BUSINESS PERFORMANCE,THE EFFECT OF A MARKET ORIENTATION ON BUSINESS PROFITABILITY,0.403436
root_06,root_20,"MATSUNO K, 2002, J MARKETING","ALQAHTANI N, 2022, J STRATEG MARK",THE EFFECTS OF ENTREPRENEURIAL PROCLIVITY AND MARKET ORIENTATION ON BUSINESS PERFORMANCE,"ENTREPRENEURIAL MARKETING AND FIRM PERFORMANCE: SCALE DEVELOPMENT, VALIDATION, AND EMPIRICAL TEST",0.285874
root_01,root_03,"MORRIS MH, 2002, J MARKET THEORY PRAC","STOKES D, 2000, J RES MARKETING ENTR",ENTREPRENEURIAL MARKETING: A CONSTRUCT FOR INTEGRATING EMERGING ENTREPRENEURSHIP AND MARKETING PERSPECTIVES,PUTTING ENTREPRENEURSHIP INTO MARKETING: THE PROCESSES OF ENTREPRENEURIAL MARKETING,0.284562
root_03,root_16,"STOKES D, 2000, J RES MARKETING ENTR","GILMORE A, 2011, J RES MARK ENTREP",PUTTING ENTREPRENEURSHIP INTO MARKETING: THE PROCESSES OF ENTREPRENEURIAL MARKETING,ENTREPRENEURIAL AND SME MARKETING,0.270577
root_03,root_15,"STOKES D, 2000, J RES MARKETING ENTR","HILLS G, 2011, JOURNAL OF SMALL BUSINESS AND ENTREPRENEURSHIP",PUTTING ENTREPRENEURSHIP INTO MARKETING: THE PROCESSES OF ENTREPRENEURIAL MARKETING,ACADEMIC ROOTS: THE PAST AND PRESENT OF ENTREPRENEURIAL MARKETING,0.2633
root_07,root_20,"LUMPKIN GT, 1996, ACAD MANAGE REV","ALQAHTANI N, 2022, J STRATEG MARK",CLARIFYING THE ENTREPRENEURIAL ORIENTATION CONSTRUCT AND LINKING IT TO PERFORMANCE,"ENTREPRENEURIAL MARKETING AND FIRM PERFORMANCE: SCALE DEVELOPMENT, VALIDATION, AND EMPIRICAL TEST",0.245239
root_06,root_07,"MATSUNO K, 2002, J MARKETING","LUMPKIN GT, 1996, ACAD MANAGE REV",THE EFFECTS OF ENTREPRENEURIAL PROCLIVITY AND MARKET ORIENTATION ON BUSINESS PERFORMANCE,CLARIFYING THE ENTREPRENEURIAL ORIENTATION CONSTRUCT AND LINKING IT TO PERFORMANCE,0.235041
root_01,root_15,"MORRIS MH, 2002, J MARKET THEORY PRAC","HILLS G, 2011, JOURNAL OF SMALL BUSINESS AND ENTREPRENEURSHIP",ENTREPRENEURIAL MARKETING: A CONSTRUCT FOR INTEGRATING EMERGING ENTREPRENEURSHIP AND MARKETING PERSPECTIVES,ACADEMIC ROOTS: THE PAST AND PRESENT OF ENTREPRENEURIAL MARKETING,0.233686
root_10,root_16,"CARSON D, 1995, MARKETING AND ENTREPRENEURSHIP IN SMES - AN INNOVATIVE APPROACH","GILMORE A, 2011, J RES MARK ENTREP",Marketing and entrepreneurship in SMEs : an innovative approach,ENTREPRENEURIAL AND SME MARKETING,0.226577
root_15,root_16,"HILLS G, 2011, JOURNAL OF SMALL BUSINESS AND ENTREPRENEURSHIP","GILMORE A, 2011, J RES MARK ENTREP",ACADEMIC ROOTS: THE PAST AND PRESENT OF ENTREPRENEURIAL MARKETING,ENTREPRENEURIAL AND SME MARKETING,0.208373
root_01,root_16,"MORRIS MH, 2002, J MARKET THEORY PRAC","GILMORE A, 2011, J RES MARK ENTREP",ENTREPRENEURIAL MARKETING: A CONSTRUCT FOR INTEGRATING EMERGING ENTREPRENEURSHIP AND MARKETING PERSPECTIVES,ENTREPRENEURIAL AND SME MARKETING,0.207716
root_11,root_16,"READ S, 2009, J MARKETING","GILMORE A, 2011, J RES MARK ENTREP",MARKETING UNDER UNCERTAINTY: THE LOGIC OF AN EFFECTUAL APPROACH,ENTREPRENEURIAL AND SME MARKETING,0.200089
root_12,root_15,"BJERKE B, 2002, ENTREPRENEURIAL MARK","HILLS G, 2011, JOURNAL OF SMALL BUSINESS AND ENTREPRENEURSHIP",Entrepreneurial Marketing: The Growth of Small Firms in the New Economic Era,ACADEMIC ROOTS: THE PAST AND PRESENT OF ENTREPRENEURIAL MARKETING,0.193325
root_13,root_20,"NARVER JC, 1990, J MARKETING","ALQAHTANI N, 2022, J STRATEG MARK",THE EFFECT OF A MARKET ORIENTATION ON BUSINESS PROFITABILITY,"ENTREPRENEURIAL MARKETING AND FIRM PERFORMANCE: SCALE DEVELOPMENT, VALIDATION, AND EMPIRICAL TEST",0.190385
root_01,root_02,"MORRIS MH, 2002, J MARKET THEORY PRAC","COLLINSON E, 2001, MANAGEMENT DECISION",ENTREPRENEURIAL MARKETING: A CONSTRUCT FOR INTEGRATING EMERGING ENTREPRENEURSHIP AND MARKETING PERSPECTIVES,ENTREPRENEURIAL MARKETING – A HISTORICAL PERSPECTIVE ON DEVELOPMENT AND PRACTICE,0.189472
root_03,root_10,"STOKES D, 2000, J RES MARKETING ENTR","CARSON D, 1995, MARKETING AND ENTREPRENEURSHIP IN SMES - AN INNOVATIVE APPROACH",PUTTING ENTREPRENEURSHIP INTO MARKETING: THE PROCESSES OF ENTREPRENEURIAL MARKETING,Marketing and entrepreneurship in SMEs : an innovative approach,0.184523
root_03,root_11,"STOKES D, 2000, J RES MARKETING ENTR","READ S, 2009, J MARKETING",PUTTING ENTREPRENEURSHIP INTO MARKETING: THE PROCESSES OF ENTREPRENEURIAL MARKETING,MARKETING UNDER UNCERTAINTY: THE LOGIC OF AN EFFECTUAL APPROACH,0.179194
root_02,root_15,"COLLINSON E, 2001, MANAGEMENT DECISION","HILLS G, 2011, JOURNAL OF SMALL BUSINESS AND ENTREPRENEURSHIP",ENTREPRENEURIAL MARKETING – A HISTORICAL PERSPECTIVE ON DEVELOPMENT AND PRACTICE,ACADEMIC ROOTS: THE PAST AND PRESENT OF ENTREPRENEURIAL MARKETING,0.178832
root_06,root_14,"MATSUNO K, 2002, J MARKETING","KOHLI AK, 1990, J MARKETING",THE EFFECTS OF ENTREPRENEURIAL PROCLIVITY AND MARKET ORIENTATION ON BUSINESS PERFORMANCE,"MARKET ORIENTATION: THE CONSTRUCT, RESEARCH PROPOSITIONS, AND MANAGERIAL IMPLICATIONS",0.17451
root_16,root_17,"GILMORE A, 2011, J RES MARK ENTREP","HANSEN DJ, 2010, J RES MARK ENTREP",ENTREPRENEURIAL AND SME MARKETING,THE MARKETING/ENTREPRENEURSHIP INTERFACE: A REPORT ON THE “CHARLESTON SUMMIT”,0.172102
root_07,root_14,"LUMPKIN GT, 1996, ACAD MANAGE REV","KOHLI AK, 1990, J MARKETING",CLARIFYING THE ENTREPRENEURIAL ORIENTATION CONSTRUCT AND LINKING IT TO PERFORMANCE,"MARKET ORIENTATION: THE CONSTRUCT, RESEARCH PROPOSITIONS, AND MANAGERIAL IMPLICATIONS",0.164014
root_02,root_03,"COLLINSON E, 2001, MANAGEMENT DECISION","STOKES D, 2000, J RES MARKETING ENTR",ENTREPRENEURIAL MARKETING – A HISTORICAL PERSPECTIVE ON DEVELOPMENT AND PRACTICE,PUTTING ENTREPRENEURSHIP INTO MARKETING: THE PROCESSES OF ENTREPRENEURIAL MARKETING,0.161485
root_01,root_10,"MORRIS MH, 2002, J MARKET THEORY PRAC","CARSON D, 1995, MARKETING AND ENTREPRENEURSHIP IN SMES - AN INNOVATIVE APPROACH",ENTREPRENEURIAL MARKETING: A CONSTRUCT FOR INTEGRATING EMERGING ENTREPRENEURSHIP AND MARKETING PERSPECTIVES,Marketing and entrepreneurship in SMEs : an innovative approach,0.161291
root_08,root_20,"BARNEY J, 1991, J MANAGE","ALQAHTANI N, 2022, J STRATEG MARK",FIRM RESOURCES AND SUSTAINED COMPETITIVE ADVANTAGE,"ENTREPRENEURIAL MARKETING AND FIRM PERFORMANCE: SCALE DEVELOPMENT, VALIDATION, AND EMPIRICAL TEST",0.152412
root_10,root_15,"CARSON D, 1995, MARKETING AND ENTREPRENEURSHIP IN SMES - AN INNOVATIVE APPROACH","HILLS G, 2011, JOURNAL OF SMALL BUSINESS AND ENTREPRENEURSHIP",Marketing and entrepreneurship in SMEs : an innovative approach,ACADEMIC ROOTS: THE PAST AND PRESENT OF ENTREPRENEURIAL MARKETING,0.151684
root_01,root_14,"MORRIS MH, 2002, J MARKET THEORY PRAC","KOHLI AK, 1990, J MARKETING",ENTREPRENEURIAL MARKETING: A CONSTRUCT FOR INTEGRATING EMERGING ENTREPRENEURSHIP AND MARKETING PERSPECTIVES,"MARKET ORIENTATION: THE CONSTRUCT, RESEARCH PROPOSITIONS, AND MANAGERIAL IMPLICATIONS",0.147542
root_13,root_14,"NARVER JC, 1990, J MARKETING","KOHLI AK, 1990, J MARKETING",THE EFFECT OF A MARKET ORIENTATION ON BUSINESS PROFITABILITY,"MARKET ORIENTATION: THE CONSTRUCT, RESEARCH PROPOSITIONS, AND MANAGERIAL IMPLICATIONS",0.143021
root_01,root_07,"MORRIS MH, 2002, J MARKET THEORY PRAC","LUMPKIN GT, 1996, ACAD MANAGE REV",ENTREPRENEURIAL MARKETING: A CONSTRUCT FOR INTEGRATING EMERGING ENTREPRENEURSHIP AND MARKETING PERSPECTIVES,CLARIFYING THE ENTREPRENEURIAL ORIENTATION CONSTRUCT AND LINKING IT TO PERFORMANCE,0.137423
root_01,root_17,"MORRIS MH, 2002, J MARKET THEORY PRAC","HANSEN DJ, 2010, J RES MARK ENTREP",ENTREPRENEURIAL MARKETING: A CONSTRUCT FOR INTEGRATING EMERGING ENTREPRENEURSHIP AND MARKETING PERSPECTIVES,THE MARKETING/ENTREPRENEURSHIP INTERFACE: A REPORT ON THE “CHARLESTON SUMMIT”,0.136865
root_15,root_17,"HILLS G, 2011, JOURNAL OF SMALL BUSINESS AND ENTREPRENEURSHIP","HANSEN DJ, 2010, J RES MARK ENTREP",ACADEMIC ROOTS: THE PAST AND PRESENT OF ENTREPRENEURIAL MARKETING,THE MARKETING/ENTREPRENEURSHIP INTERFACE: A REPORT ON THE “CHARLESTON SUMMIT”,0.135377
root_16,root_18,"GILMORE A, 2011, J RES MARK ENTREP","BECHERER RC, 2012, NEW ENGLAND JOURNAL OF ENTREPRENEURSHIP",ENTREPRENEURIAL AND SME MARKETING,THE EFFECT OF ENTREPRENEURIAL MARKETING ON OUTCOME GOALS IN SMES,0.13462
root_12,root_20,"BJERKE B, 2002, ENTREPRENEURIAL MARK","ALQAHTANI N, 2022, J STRATEG MARK",Entrepreneurial Marketing: The Growth of Small Firms in the New Economic Era,"ENTREPRENEURIAL MARKETING AND FIRM PERFORMANCE: SCALE DEVELOPMENT, VALIDATION, AND EMPIRICAL TEST",0.133139
root_03,root_12,"STOKES D, 2000, J RES MARKETING ENTR","BJERKE B, 2002, ENTREPRENEURIAL MARK",PUTTING ENTREPRENEURSHIP INTO MARKETING: THE PROCESSES OF ENTREPRENEURIAL MARKETING,Entrepreneurial Marketing: The Growth of Small Firms in the New Economic Era,0.13252
root_02,root_16,"COLLINSON E, 2001, MANAGEMENT DECISION","GILMORE A, 2011, J RES MARK ENTREP",ENTREPRENEURIAL MARKETING – A HISTORICAL PERSPECTIVE ON DEVELOPMENT AND PRACTICE,ENTREPRENEURIAL AND SME MARKETING,0.131977
root_04,root_14,"SHANE S, 2000, ACAD MANAGE REV","KOHLI AK, 1990, J MARKETING",THE PROMISE OF ENTREPRENEURSHIP AS A FIELD OF RESEARCH,"MARKET ORIENTATION: THE CONSTRUCT, RESEARCH PROPOSITIONS, AND MANAGERIAL IMPLICATIONS",0.125833
root_12,root_17,"BJERKE B, 2002, ENTREPRENEURIAL MARK","HANSEN DJ, 2010, J RES MARK ENTREP",Entrepreneurial Marketing: The Growth of Small Firms in the New Economic Era,THE MARKETING/ENTREPRENEURSHIP INTERFACE: A REPORT ON THE “CHARLESTON SUMMIT”,0.124093
root_07,root_13,"LUMPKIN GT, 1996, ACAD MANAGE REV","NARVER JC, 1990, J MARKETING",CLARIFYING THE ENTREPRENEURIAL ORIENTATION CONSTRUCT AND LINKING IT TO PERFORMANCE,THE EFFECT OF A MARKET ORIENTATION ON BUSINESS PROFITABILITY,0.122476
root_05,root_20,"MILLER D, 1983, MANAGE SCI","ALQAHTANI N, 2022, J STRATEG MARK",THE CORRELATES OF ENTREPRENEURSHIP IN THREE TYPES OF FIRMS,"ENTREPRENEURIAL MARKETING AND FIRM PERFORMANCE: SCALE DEVELOPMENT, VALIDATION, AND EMPIRICAL TEST",0.121546
root_03,root_18,"STOKES D, 2000, J RES MARKETING ENTR","BECHERER RC, 2012, NEW ENGLAND JOURNAL OF ENTREPRENEURSHIP",PUTTING ENTREPRENEURSHIP INTO MARKETING: THE PROCESSES OF ENTREPRENEURIAL MARKETING,THE EFFECT OF ENTREPRENEURIAL MARKETING ON OUTCOME GOALS IN SMES,0.121073
root_03,root_17,"STOKES D, 2000, J RES MARKETING ENTR","HANSEN DJ, 2010, J RES MARK ENTREP",PUTTING ENTREPRENEURSHIP INTO MARKETING: THE PROCESSES OF ENTREPRENEURIAL MARKETING,THE MARKETING/ENTREPRENEURSHIP INTERFACE: A REPORT ON THE “CHARLESTON SUMMIT”,0.120727
root_06,root_11,"MATSUNO K, 2002, J MARKETING","READ S, 2009, J MARKETING",THE EFFECTS OF ENTREPRENEURIAL PROCLIVITY AND MARKET ORIENTATION ON BUSINESS PERFORMANCE,MARKETING UNDER UNCERTAINTY: THE LOGIC OF AN EFFECTUAL APPROACH,0.117798
root_01,root_12,"MORRIS MH, 2002, J MARKET THEORY PRAC","BJERKE B, 2002, ENTREPRENEURIAL MARK",ENTREPRENEURIAL MARKETING: A CONSTRUCT FOR INTEGRATING EMERGING ENTREPRENEURSHIP AND MARKETING PERSPECTIVES,Entrepreneurial Marketing: The Growth of Small Firms in the New Economic Era,0.11714
root_09,root_12,"SARASVATHY SD, 2001, ACAD MANAGE REV","BJERKE B, 2002, ENTREPRENEURIAL MARK",CAUSATION AND EFFECTUATION: TOWARD A THEORETICAL SHIFT FROM ECONOMIC INEVITABILITY TO ENTREPRENEURIAL CONTINGENCY,Entrepreneurial Marketing: The Growth of Small Firms in the New Economic Era,0.109004
root_11,root_15,"READ S, 2009, J MARKETING","HILLS G, 2011, JOURNAL OF SMALL BUSINESS AND ENTREPRENEURSHIP",MARKETING UNDER UNCERTAINTY: THE LOGIC OF AN EFFECTUAL APPROACH,ACADEMIC ROOTS: THE PAST AND PRESENT OF ENTREPRENEURIAL MARKETING,0.104466
root_10,root_17,"CARSON D, 1995, MARKETING AND ENTREPRENEURSHIP IN SMES - AN INNOVATIVE APPROACH","HANSEN DJ, 2010, J RES MARK ENTREP",Marketing and entrepreneurship in SMEs : an innovative approach,THE MARKETING/ENTREPRENEURSHIP INTERFACE: A REPORT ON THE “CHARLESTON SUMMIT”,0.10437
root_12,root_16,"BJERKE B, 2002, ENTREPRENEURIAL MARK","GILMORE A, 2011, J RES MARK ENTREP",Entrepreneurial Marketing: The Growth of Small Firms in the New Economic Era,ENTREPRENEURIAL AND SME MARKETING,0.104174
root_14,root_16,"KOHLI AK, 1990, J MARKETING","GILMORE A, 2011, J RES MARK ENTREP","MARKET ORIENTATION: THE CONSTRUCT, RESEARCH PROPOSITIONS, AND MANAGERIAL IMPLICATIONS",ENTREPRENEURIAL AND SME MARKETING,0.103888
root_10,root_12,"CARSON D, 1995, MARKETING AND ENTREPRENEURSHIP IN SMES - AN INNOVATIVE APPROACH","BJERKE B, 2002, ENTREPRENEURIAL MARK",Marketing and entrepreneurship in SMEs : an innovative approach,Entrepreneurial Marketing: The Growth of Small Firms in the New Economic Era,0.102933
root_03,root_06,"STOKES D, 2000, J RES MARKETING ENTR","MATSUNO K, 2002, J MARKETING",PUTTING ENTREPRENEURSHIP INTO MARKETING: THE PROCESSES OF ENTREPRENEURIAL MARKETING,THE EFFECTS OF ENTREPRENEURIAL PROCLIVITY AND MARKET ORIENTATION ON BUSINESS PERFORMANCE,0.098026
root_11,root_20,"READ S, 2009, J MARKETING","ALQAHTANI N, 2022, J STRATEG MARK",MARKETING UNDER UNCERTAINTY: THE LOGIC OF AN EFFECTUAL APPROACH,"ENTREPRENEURIAL MARKETING AND FIRM PERFORMANCE: SCALE DEVELOPMENT, VALIDATION, AND EMPIRICAL TEST",0.097816
root_01,root_11,"MORRIS MH, 2002, J MARKET THEORY PRAC","READ S, 2009, J MARKETING",ENTREPRENEURIAL MARKETING: A CONSTRUCT FOR INTEGRATING EMERGING ENTREPRENEURSHIP AND MARKETING PERSPECTIVES,MARKETING UNDER UNCERTAINTY: THE LOGIC OF AN EFFECTUAL APPROACH,0.097399
root_19,root_20,"FORNELL C, 1981, J MARKETING RES","ALQAHTANI N, 2022, J STRATEG MARK","SWISSADME: A FREE WEB TOOL TO EVALUATE PHARMACOKINETICS, DRUG-LIKENESS AND MEDICINAL CHEMISTRY FRIENDLINESS OF SMALL MOLECULES","ENTREPRENEURIAL MARKETING AND FIRM PERFORMANCE: SCALE DEVELOPMENT, VALIDATION, AND EMPIRICAL TEST",0.092992
root_10,root_11,"CARSON D, 1995, MARKETING AND ENTREPRENEURSHIP IN SMES - AN INNOVATIVE APPROACH","READ S, 2009, J MARKETING",Marketing and entrepreneurship in SMEs : an innovative approach,MARKETING UNDER UNCERTAINTY: THE LOGIC OF AN EFFECTUAL APPROACH,0.092272
root_15,root_18,"HILLS G, 2011, JOURNAL OF SMALL BUSINESS AND ENTREPRENEURSHIP","BECHERER RC, 2012, NEW ENGLAND JOURNAL OF ENTREPRENEURSHIP",ACADEMIC ROOTS: THE PAST AND PRESENT OF ENTREPRENEURIAL MARKETING,THE EFFECT OF ENTREPRENEURIAL MARKETING ON OUTCOME GOALS IN SMES,0.090813
root_11,root_14,"READ S, 2009, J MARKETING","KOHLI AK, 1990, J MARKETING",MARKETING UNDER UNCERTAINTY: THE LOGIC OF AN EFFECTUAL APPROACH,"MARKET ORIENTATION: THE CONSTRUCT, RESEARCH PROPOSITIONS, AND MANAGERIAL IMPLICATIONS",0.090698
root_01,root_18,"MORRIS MH, 2002, J MARKET THEORY PRAC","BECHERER RC, 2012, NEW ENGLAND JOURNAL OF ENTREPRENEURSHIP",ENTREPRENEURIAL MARKETING: A CONSTRUCT FOR INTEGRATING EMERGING ENTREPRENEURSHIP AND MARKETING PERSPECTIVES,THE EFFECT OF ENTREPRENEURIAL MARKETING ON OUTCOME GOALS IN SMES,0.088521
root_15,root_20,"HILLS G, 2011, JOURNAL OF SMALL BUSINESS AND ENTREPRENEURSHIP","ALQAHTANI N, 2022, J STRATEG MARK",ACADEMIC ROOTS: THE PAST AND PRESENT OF ENTREPRENEURIAL MARKETING,"ENTREPRENEURIAL MARKETING AND FIRM PERFORMANCE: SCALE DEVELOPMENT, VALIDATION, AND EMPIRICAL TEST",0.087941
root_03,root_13,"STOKES D, 2000, J RES MARKETING ENTR","NARVER JC, 1990, J MARKETING",PUTTING ENTREPRENEURSHIP INTO MARKETING: THE PROCESSES OF ENTREPRENEURIAL MARKETING,THE EFFECT OF A MARKET ORIENTATION ON BUSINESS PROFITABILITY,0.086503
root_03,root_14,"STOKES D, 2000, J RES MARKETING ENTR","KOHLI AK, 1990, J MARKETING",PUTTING ENTREPRENEURSHIP INTO MARKETING: THE PROCESSES OF ENTREPRENEURIAL MARKETING,"MARKET ORIENTATION: THE CONSTRUCT, RESEARCH PROPOSITIONS, AND MANAGERIAL IMPLICATIONS",0.08614
root_02,root_17,"COLLINSON E, 2001, MANAGEMENT DECISION","HANSEN DJ, 2010, J RES MARK ENTREP",ENTREPRENEURIAL MARKETING – A HISTORICAL PERSPECTIVE ON DEVELOPMENT AND PRACTICE,THE MARKETING/ENTREPRENEURSHIP INTERFACE: A REPORT ON THE “CHARLESTON SUMMIT”,0.085589
root_06,root_15,"MATSUNO K, 2002, J MARKETING","HILLS G, 2011, JOURNAL OF SMALL BUSINESS AND ENTREPRENEURSHIP",THE EFFECTS OF ENTREPRENEURIAL PROCLIVITY AND MARKET ORIENTATION ON BUSINESS PERFORMANCE,ACADEMIC ROOTS: THE PAST AND PRESENT OF ENTREPRENEURIAL MARKETING,0.084108
root_05,root_12,"MILLER D, 1983, MANAGE SCI","BJERKE B, 2002, ENTREPRENEURIAL MARK",THE CORRELATES OF ENTREPRENEURSHIP IN THREE TYPES OF FIRMS,Entrepreneurial Marketing: The Growth of Small Firms in the New Economic Era,0.08295
root_11,root_13,"READ S, 2009, J MARKETING","NARVER JC, 1990, J MARKETING",MARKETING UNDER UNCERTAINTY: THE LOGIC OF AN EFFECTUAL APPROACH,THE EFFECT OF A MARKET ORIENTATION ON BUSINESS PROFITABILITY,0.082157
root_02,root_12,"COLLINSON E, 2001, MANAGEMENT DECISION","BJERKE B, 2002, ENTREPRENEURIAL MARK",ENTREPRENEURIAL MARKETING – A HISTORICAL PERSPECTIVE ON DEVELOPMENT AND PRACTICE,Entrepreneurial Marketing: The Growth of Small Firms in the New Economic Era,0.080236
root_03,root_20,"STOKES D, 2000, J RES MARKETING ENTR","ALQAHTANI N, 2022, J STRATEG MARK",PUTTING ENTREPRENEURSHIP INTO MARKETING: THE PROCESSES OF ENTREPRENEURIAL MARKETING,"ENTREPRENEURIAL MARKETING AND FIRM PERFORMANCE: SCALE DEVELOPMENT, VALIDATION, AND EMPIRICAL TEST",0.080047
root_02,root_10,"COLLINSON E, 2001, MANAGEMENT DECISION","CARSON D, 1995, MARKETING AND ENTREPRENEURSHIP IN SMES - AN INNOVATIVE APPROACH",ENTREPRENEURIAL MARKETING – A HISTORICAL PERSPECTIVE ON DEVELOPMENT AND PRACTICE,Marketing and entrepreneurship in SMEs : an innovative approach,0.078268
root_11,root_17,"READ S, 2009, J MARKETING","HANSEN DJ, 2010, J RES MARK ENTREP",MARKETING UNDER UNCERTAINTY: THE LOGIC OF AN EFFECTUAL APPROACH,THE MARKETING/ENTREPRENEURSHIP INTERFACE: A REPORT ON THE “CHARLESTON SUMMIT”,0.078005
root_04,root_15,"SHANE S, 2000, ACAD MANAGE REV","HILLS G, 2011, JOURNAL OF SMALL BUSINESS AND ENTREPRENEURSHIP",THE PROMISE OF ENTREPRENEURSHIP AS A FIELD OF RESEARCH,ACADEMIC ROOTS: THE PAST AND PRESENT OF ENTREPRENEURIAL MARKETING,0.071873
root_02,root_11,"COLLINSON E, 2001, MANAGEMENT DECISION","READ S, 2009, J MARKETING",ENTREPRENEURIAL MARKETING – A HISTORICAL PERSPECTIVE ON DEVELOPMENT AND PRACTICE,MARKETING UNDER UNCERTAINTY: THE LOGIC OF AN EFFECTUAL APPROACH,0.067833
root_14,root_15,"KOHLI AK, 1990, J MARKETING","HILLS G, 2011, JOURNAL OF SMALL BUSINESS AND ENTREPRENEURSHIP","MARKET ORIENTATION: THE CONSTRUCT, RESEARCH PROPOSITIONS, AND MANAGERIAL IMPLICATIONS",ACADEMIC ROOTS: THE PAST AND PRESENT OF ENTREPRENEURIAL MARKETING,0.065552
root_14,root_20,"KOHLI AK, 1990, J MARKETING","ALQAHTANI N, 2022, J STRATEG MARK","MARKET ORIENTATION: THE CONSTRUCT, RESEARCH PROPOSITIONS, AND MANAGERIAL IMPLICATIONS","ENTREPRENEURIAL MARKETING AND FIRM PERFORMANCE: SCALE DEVELOPMENT, VALIDATION, AND EMPIRICAL TEST",0.065114
root_13,root_15,"NARVER JC, 1990, J MARKETING","HILLS G, 2011, JOURNAL OF SMALL BUSINESS AND ENTREPRENEURSHIP",THE EFFECT OF A MARKET ORIENTATION ON BUSINESS PROFITABILITY,ACADEMIC ROOTS: THE PAST AND PRESENT OF ENTREPRENEURIAL MARKETING,0.064971
root_09,root_15,"SARASVATHY SD, 2001, ACAD MANAGE REV","HILLS G, 2011, JOURNAL OF SMALL BUSINESS AND ENTREPRENEURSHIP",CAUSATION AND EFFECTUATION: TOWARD A THEORETICAL SHIFT FROM ECONOMIC INEVITABILITY TO ENTREPRENEURIAL CONTINGENCY,ACADEMIC ROOTS: THE PAST AND PRESENT OF ENTREPRENEURIAL MARKETING,0.064307
root_01,root_04,"MORRIS MH, 2002, J MARKET THEORY PRAC","SHANE S, 2000, ACAD MANAGE REV",ENTREPRENEURIAL MARKETING: A CONSTRUCT FOR INTEGRATING EMERGING ENTREPRENEURSHIP AND MARKETING PERSPECTIVES,THE PROMISE OF ENTREPRENEURSHIP AS A FIELD OF RESEARCH,0.064204
root_14,root_17,"KOHLI AK, 1990, J MARKETING","HANSEN DJ, 2010, J RES MARK ENTREP","MARKET ORIENTATION: THE CONSTRUCT, RESEARCH PROPOSITIONS, AND MANAGERIAL IMPLICATIONS",THE MARKETING/ENTREPRENEURSHIP INTERFACE: A REPORT ON THE “CHARLESTON SUMMIT”,0.064134
root_13,root_17,"NARVER JC, 1990, J MARKETING","HANSEN DJ, 2010, J RES MARK ENTREP",THE EFFECT OF A MARKET ORIENTATION ON BUSINESS PROFITABILITY,THE MARKETING/ENTREPRENEURSHIP INTERFACE: A REPORT ON THE “CHARLESTON SUMMIT”,0.063986
root_01,root_08,"MORRIS MH, 2002, J MARKET THEORY PRAC","BARNEY J, 1991, J MANAGE",ENTREPRENEURIAL MARKETING: A CONSTRUCT FOR INTEGRATING EMERGING ENTREPRENEURSHIP AND MARKETING PERSPECTIVES,FIRM RESOURCES AND SUSTAINED COMPETITIVE ADVANTAGE,0.062913
root_05,root_11,"MILLER D, 1983, MANAGE SCI","READ S, 2009, J MARKETING",THE CORRELATES OF ENTREPRENEURSHIP IN THREE TYPES OF FIRMS,MARKETING UNDER UNCERTAINTY: THE LOGIC OF AN EFFECTUAL APPROACH,0.062223
root_05,root_19,"MILLER D, 1983, MANAGE SCI","FORNELL C, 1981, J MARKETING RES",THE CORRELATES OF ENTREPRENEURSHIP IN THREE TYPES OF FIRMS,"SWISSADME: A FREE WEB TOOL TO EVALUATE PHARMACOKINETICS, DRUG-LIKENESS AND MEDICINAL CHEMISTRY FRIENDLINESS OF SMALL MOLECULES",0.058224
root_02,root_18,"COLLINSON E, 2001, MANAGEMENT DECISION","BECHERER RC, 2012, NEW ENGLAND JOURNAL OF ENTREPRENEURSHIP",ENTREPRENEURIAL MARKETING – A HISTORICAL PERSPECTIVE ON DEVELOPMENT AND PRACTICE,THE EFFECT OF ENTREPRENEURIAL MARKETING ON OUTCOME GOALS IN SMES,0.058016
root_06,root_17,"MATSUNO K, 2002, J MARKETING","HANSEN DJ, 2010, J RES MARK ENTREP",THE EFFECTS OF ENTREPRENEURIAL PROCLIVITY AND MARKET ORIENTATION ON BUSINESS PERFORMANCE,THE MARKETING/ENTREPRENEURSHIP INTERFACE: A REPORT ON THE “CHARLESTON SUMMIT”,0.056593
root_12,root_18,"BJERKE B, 2002, ENTREPRENEURIAL MARK","BECHERER RC, 2012, NEW ENGLAND JOURNAL OF ENTREPRENEURSHIP",Entrepreneurial Marketing: The Growth of Small Firms in the New Economic Era,THE EFFECT OF ENTREPRENEURIAL MARKETING ON OUTCOME GOALS IN SMES,0.055854
root_04,root_05,"SHANE S, 2000, ACAD MANAGE REV","MILLER D, 1983, MANAGE SCI",THE PROMISE OF ENTREPRENEURSHIP AS A FIELD OF RESEARCH,THE CORRELATES OF ENTREPRENEURSHIP IN THREE TYPES OF FIRMS,0.055841
root_02,root_06,"COLLINSON E, 2001, MANAGEMENT DECISION","MATSUNO K, 2002, J MARKETING",ENTREPRENEURIAL MARKETING – A HISTORICAL PERSPECTIVE ON DEVELOPMENT AND PRACTICE,THE EFFECTS OF ENTREPRENEURIAL PROCLIVITY AND MARKET ORIENTATION ON BUSINESS PERFORMANCE,0.055715
root_01,root_20,"MORRIS MH, 2002, J MARKET THEORY PRAC","ALQAHTANI N, 2022, J STRATEG MARK",ENTREPRENEURIAL MARKETING: A CONSTRUCT FOR INTEGRATING EMERGING ENTREPRENEURSHIP AND MARKETING PERSPECTIVES,"ENTREPRENEURIAL MARKETING AND FIRM PERFORMANCE: SCALE DEVELOPMENT, VALIDATION, AND EMPIRICAL TEST",0.054286
root_08,root_12,"BARNEY J, 1991, J MANAGE","BJERKE B, 2002, ENTREPRENEURIAL MARK",FIRM RESOURCES AND SUSTAINED COMPETITIVE ADVANTAGE,Entrepreneurial Marketing: The Growth of Small Firms in the New Economic Era,0.052563
root_18,root_20,"BECHERER RC, 2012, NEW ENGLAND JOURNAL OF ENTREPRENEURSHIP","ALQAHTANI N, 2022, J STRATEG MARK",THE EFFECT OF ENTREPRENEURIAL MARKETING ON OUTCOME GOALS IN SMES,"ENTREPRENEURIAL MARKETING AND FIRM PERFORMANCE: SCALE DEVELOPMENT, VALIDATION, AND EMPIRICAL TEST",0.052356
root_01,root_09,"MORRIS MH, 2002, J MARKET THEORY PRAC","SARASVATHY SD, 2001, ACAD MANAGE REV",ENTREPRENEURIAL MARKETING: A CONSTRUCT FOR INTEGRATING EMERGING ENTREPRENEURSHIP AND MARKETING PERSPECTIVES,CAUSATION AND EFFECTUATION: TOWARD A THEORETICAL SHIFT FROM ECONOMIC INEVITABILITY TO ENTREPRENEURIAL CONTINGENCY,0.052326
root_07,root_09,"LUMPKIN GT, 1996, ACAD MANAGE REV","SARASVATHY SD, 2001, ACAD MANAGE REV",CLARIFYING THE ENTREPRENEURIAL ORIENTATION CONSTRUCT AND LINKING IT TO PERFORMANCE,CAUSATION AND EFFECTUATION: TOWARD A THEORETICAL SHIFT FROM ECONOMIC INEVITABILITY TO ENTREPRENEURIAL CONTINGENCY,0.051649
root_02,root_20,"COLLINSON E, 2001, MANAGEMENT DECISION","ALQAHTANI N, 2022, J STRATEG MARK",ENTREPRENEURIAL MARKETING – A HISTORICAL PERSPECTIVE ON DEVELOPMENT AND PRACTICE,"ENTREPRENEURIAL MARKETING AND FIRM PERFORMANCE: SCALE DEVELOPMENT, VALIDATION, AND EMPIRICAL TEST",0.050907
root_07,root_19,"LUMPKIN GT, 1996, ACAD MANAGE REV","FORNELL C, 1981, J MARKETING RES",CLARIFYING THE ENTREPRENEURIAL ORIENTATION CONSTRUCT AND LINKING IT TO PERFORMANCE,"SWISSADME: A FREE WEB TOOL TO EVALUATE PHARMACOKINETICS, DRUG-LIKENESS AND MEDICINAL CHEMISTRY FRIENDLINESS OF SMALL MOLECULES",0.050899
root_12,root_14,"BJERKE B, 2002, ENTREPRENEURIAL MARK","KOHLI AK, 1990, J MARKETING",Entrepreneurial Marketing: The Growth of Small Firms in the New Economic Era,"MARKET ORIENTATION: THE CONSTRUCT, RESEARCH PROPOSITIONS, AND MANAGERIAL IMPLICATIONS",0.050668
root_05,root_10,"MILLER D, 1983, MANAGE SCI","CARSON D, 1995, MARKETING AND ENTREPRENEURSHIP IN SMES - AN INNOVATIVE APPROACH",THE CORRELATES OF ENTREPRENEURSHIP IN THREE TYPES OF FIRMS,Marketing and entrepreneurship in SMEs : an innovative approach,0.049595
root_05,root_17,"MILLER D, 1983, MANAGE SCI","HANSEN DJ, 2010, J RES MARK ENTREP",THE CORRELATES OF ENTREPRENEURSHIP IN THREE TYPES OF FIRMS,THE MARKETING/ENTREPRENEURSHIP INTERFACE: A REPORT ON THE “CHARLESTON SUMMIT”,0.048828
root_10,root_14,"CARSON D, 1995, MARKETING AND ENTREPRENEURSHIP IN SMES - AN INNOVATIVE APPROACH","KOHLI AK, 1990, J MARKETING",Marketing and entrepreneurship in SMEs : an innovative approach,"MARKET ORIENTATION: THE CONSTRUCT, RESEARCH PROPOSITIONS, AND MANAGERIAL IMPLICATIONS",0.048428
root_16,root_20,"GILMORE A, 2011, J RES MARK ENTREP","ALQAHTANI N, 2022, J STRATEG MARK",ENTREPRENEURIAL AND SME MARKETING,"ENTREPRENEURIAL MARKETING AND FIRM PERFORMANCE: SCALE DEVELOPMENT, VALIDATION, AND EMPIRICAL TEST",0.048167
root_08,root_19,"BARNEY J, 1991, J MANAGE","FORNELL C, 1981, J MARKETING RES",FIRM RESOURCES AND SUSTAINED COMPETITIVE ADVANTAGE,"SWISSADME: A FREE WEB TOOL TO EVALUATE PHARMACOKINETICS, DRUG-LIKENESS AND MEDICINAL CHEMISTRY FRIENDLINESS OF SMALL MOLECULES",0.047048
root_05,root_13,"MILLER D, 1983, MANAGE SCI","NARVER JC, 1990, J MARKETING",THE CORRELATES OF ENTREPRENEURSHIP IN THREE TYPES OF FIRMS,THE EFFECT OF A MARKET ORIENTATION ON BUSINESS PROFITABILITY,0.046967
root_13,root_16,"NARVER JC, 1990, J MARKETING","GILMORE A, 2011, J RES MARK ENTREP",THE EFFECT OF A MARKET ORIENTATION ON BUSINESS PROFITABILITY,ENTREPRENEURIAL AND SME MARKETING,0.045449
root_05,root_15,"MILLER D, 1983, MANAGE SCI","HILLS G, 2011, JOURNAL OF SMALL BUSINESS AND ENTREPRENEURSHIP",THE CORRELATES OF ENTREPRENEURSHIP IN THREE TYPES OF FIRMS,ACADEMIC ROOTS: THE PAST AND PRESENT OF ENTREPRENEURIAL MARKETING,0.045336
root_17,root_20,"HANSEN DJ, 2010, J RES MARK ENTREP","ALQAHTANI N, 2022, J STRATEG MARK",THE MARKETING/ENTREPRENEURSHIP INTERFACE: A REPORT ON THE “CHARLESTON SUMMIT”,"ENTREPRENEURIAL MARKETING AND FIRM PERFORMANCE: SCALE DEVELOPMENT, VALIDATION, AND EMPIRICAL TEST",0.045146
root_17,root_18,"HANSEN DJ, 2010, J RES MARK ENTREP","BECHERER RC, 2012, NEW ENGLAND JOURNAL OF ENTREPRENEURSHIP",THE MARKETING/ENTREPRENEURSHIP INTERFACE: A REPORT ON THE “CHARLESTON SUMMIT”,THE EFFECT OF ENTREPRENEURIAL MARKETING ON OUTCOME GOALS IN SMES,0.043797
root_04,root_16,"SHANE S, 2000, ACAD MANAGE REV","GILMORE A, 2011, J RES MARK ENTREP",THE PROMISE OF ENTREPRENEURSHIP AS A FIELD OF RESEARCH,ENTREPRENEURIAL AND SME MARKETING,0.043248
root_06,root_16,"MATSUNO K, 2002, J MARKETING","GILMORE A, 2011, J RES MARK ENTREP",THE EFFECTS OF ENTREPRENEURIAL PROCLIVITY AND MARKET ORIENTATION ON BUSINESS PERFORMANCE,ENTREPRENEURIAL AND SME MARKETING,0.043233
root_07,root_08,"LUMPKIN GT, 1996, ACAD MANAGE REV","BARNEY J, 1991, J MANAGE",CLARIFYING THE ENTREPRENEURIAL ORIENTATION CONSTRUCT AND LINKING IT TO PERFORMANCE,FIRM RESOURCES AND SUSTAINED COMPETITIVE ADVANTAGE,0.042515
root_01,root_19,"MORRIS MH, 2002, J MARKET THEORY PRAC","FORNELL C, 1981, J MARKETING RES",ENTREPRENEURIAL MARKETING: A CONSTRUCT FOR INTEGRATING EMERGING ENTREPRENEURSHIP AND MARKETING PERSPECTIVES,"SWISSADME: A FREE WEB TOOL TO EVALUATE PHARMACOKINETICS, DRUG-LIKENESS AND MEDICINAL CHEMISTRY FRIENDLINESS OF SMALL MOLECULES",0.042442
root_10,root_18,"CARSON D, 1995, MARKETING AND ENTREPRENEURSHIP IN SMES - AN INNOVATIVE APPROACH","BECHERER RC, 2012, NEW ENGLAND JOURNAL OF ENTREPRENEURSHIP",Marketing and entrepreneurship in SMEs : an innovative approach,THE EFFECT OF ENTREPRENEURIAL MARKETING ON OUTCOME GOALS IN SMES,0.042425
root_03,root_05,"STOKES D, 2000, J RES MARKETING ENTR","MILLER D, 1983, MANAGE SCI",PUTTING ENTREPRENEURSHIP INTO MARKETING: THE PROCESSES OF ENTREPRENEURIAL MARKETING,THE CORRELATES OF ENTREPRENEURSHIP IN THREE TYPES OF FIRMS,0.042384
root_06,root_08,"MATSUNO K, 2002, J MARKETING","BARNEY J, 1991, J MANAGE",THE EFFECTS OF ENTREPRENEURIAL PROCLIVITY AND MARKET ORIENTATION ON BUSINESS PERFORMANCE,FIRM RESOURCES AND SUSTAINED COMPETITIVE ADVANTAGE,0.042205
root_04,root_13,"SHANE S, 2000, ACAD MANAGE REV","NARVER JC, 1990, J MARKETING",THE PROMISE OF ENTREPRENEURSHIP AS A FIELD OF RESEARCH,THE EFFECT OF A MARKET ORIENTATION ON BUSINESS PROFITABILITY,0.040157
root_07,root_15,"LUMPKIN GT, 1996, ACAD MANAGE REV","HILLS G, 2011, JOURNAL OF SMALL BUSINESS AND ENTREPRENEURSHIP",CLARIFYING THE ENTREPRENEURIAL ORIENTATION CONSTRUCT AND LINKING IT TO PERFORMANCE,ACADEMIC ROOTS: THE PAST AND PRESENT OF ENTREPRENEURIAL MARKETING,0.039832
root_01,root_06,"MORRIS MH, 2002, J MARKET THEORY PRAC","MATSUNO K, 2002, J MARKETING",ENTREPRENEURIAL MARKETING: A CONSTRUCT FOR INTEGRATING EMERGING ENTREPRENEURSHIP AND MARKETING PERSPECTIVES,THE EFFECTS OF ENTREPRENEURIAL PROCLIVITY AND MARKET ORIENTATION ON BUSINESS PERFORMANCE,0.039519
root_11,root_12,"READ S, 2009, J MARKETING","BJERKE B, 2002, ENTREPRENEURIAL MARK",MARKETING UNDER UNCERTAINTY: THE LOGIC OF AN EFFECTUAL APPROACH,Entrepreneurial Marketing: The Growth of Small Firms in the New Economic Era,0.039173
root_04,root_07,"SHANE S, 2000, ACAD MANAGE REV","LUMPKIN GT, 1996, ACAD MANAGE REV",THE PROMISE OF ENTREPRENEURSHIP AS A FIELD OF RESEARCH,CLARIFYING THE ENTREPRENEURIAL ORIENTATION CONSTRUCT AND LINKING IT TO PERFORMANCE,0.038449
root_03,root_04,"STOKES D, 2000, J RES MARKETING ENTR","SHANE S, 2000, ACAD MANAGE REV",PUTTING ENTREPRENEURSHIP INTO MARKETING: THE PROCESSES OF ENTREPRENEURIAL MARKETING,THE PROMISE OF ENTREPRENEURSHIP AS A FIELD OF RESEARCH,0.038126
root_06,root_19,"MATSUNO K, 2002, J MARKETING","FORNELL C, 1981, J MARKETING RES",THE EFFECTS OF ENTREPRENEURIAL PROCLIVITY AND MARKET ORIENTATION ON BUSINESS PERFORMANCE,"SWISSADME: A FREE WEB TOOL TO EVALUATE PHARMACOKINETICS, DRUG-LIKENESS AND MEDICINAL CHEMISTRY FRIENDLINESS OF SMALL MOLECULES",0.037791
root_11,root_18,"READ S, 2009, J MARKETING","BECHERER RC, 2012, NEW ENGLAND JOURNAL OF ENTREPRENEURSHIP",MARKETING UNDER UNCERTAINTY: THE LOGIC OF AN EFFECTUAL APPROACH,THE EFFECT OF ENTREPRENEURIAL MARKETING ON OUTCOME GOALS IN SMES,0.037772
root_07,root_12,"LUMPKIN GT, 1996, ACAD MANAGE REV","BJERKE B, 2002, ENTREPRENEURIAL MARK",CLARIFYING THE ENTREPRENEURIAL ORIENTATION CONSTRUCT AND LINKING IT TO PERFORMANCE,Entrepreneurial Marketing: The Growth of Small Firms in the New Economic Era,0.037413
root_02,root_09,"COLLINSON E, 2001, MANAGEMENT DECISION","SARASVATHY SD, 2001, ACAD MANAGE REV",ENTREPRENEURIAL MARKETING – A HISTORICAL PERSPECTIVE ON DEVELOPMENT AND PRACTICE,CAUSATION AND EFFECTUATION: TOWARD A THEORETICAL SHIFT FROM ECONOMIC INEVITABILITY TO ENTREPRENEURIAL CONTINGENCY,0.037302
root_15,root_19,"HILLS G, 2011, JOURNAL OF SMALL BUSINESS AND ENTREPRENEURSHIP","FORNELL C, 1981, J MARKETING RES",ACADEMIC ROOTS: THE PAST AND PRESENT OF ENTREPRENEURIAL MARKETING,"SWISSADME: A FREE WEB TOOL TO EVALUATE PHARMACOKINETICS, DRUG-LIKENESS AND MEDICINAL CHEMISTRY FRIENDLINESS OF SMALL MOLECULES",0.037146
root_06,root_12,"MATSUNO K, 2002, J MARKETING","BJERKE B, 2002, ENTREPRENEURIAL MARK",THE EFFECTS OF ENTREPRENEURIAL PROCLIVITY AND MARKET ORIENTATION ON BUSINESS PERFORMANCE,Entrepreneurial Marketing: The Growth of Small Firms in the New Economic Era,0.035816
root_01,root_05,"MORRIS MH, 2002, J MARKET THEORY PRAC","MILLER D, 1983, MANAGE SCI",ENTREPRENEURIAL MARKETING: A CONSTRUCT FOR INTEGRATING EMERGING ENTREPRENEURSHIP AND MARKETING PERSPECTIVES,THE CORRELATES OF ENTREPRENEURSHIP IN THREE TYPES OF FIRMS,0.03543
root_05,root_16,"MILLER D, 1983, MANAGE SCI","GILMORE A, 2011, J RES MARK ENTREP",THE CORRELATES OF ENTREPRENEURSHIP IN THREE TYPES OF FIRMS,ENTREPRENEURIAL AND SME MARKETING,0.035218
root_10,root_20,"CARSON D, 1995, MARKETING AND ENTREPRENEURSHIP IN SMES - AN INNOVATIVE APPROACH","ALQAHTANI N, 2022, J STRATEG MARK",Marketing and entrepreneurship in SMEs : an innovative approach,"ENTREPRENEURIAL MARKETING AND FIRM PERFORMANCE: SCALE DEVELOPMENT, VALIDATION, AND EMPIRICAL TEST",0.033201
root_08,root_14,"BARNEY J, 1991, J MANAGE","KOHLI AK, 1990, J MARKETING",FIRM RESOURCES AND SUSTAINED COMPETITIVE ADVANTAGE,"MARKET ORIENTATION: THE CONSTRUCT, RESEARCH PROPOSITIONS, AND MANAGERIAL IMPLICATIONS",0.032849
root_03,root_19,"STOKES D, 2000, J RES MARKETING ENTR","FORNELL C, 1981, J MARKETING RES",PUTTING ENTREPRENEURSHIP INTO MARKETING: THE PROCESSES OF ENTREPRENEURIAL MARKETING,"SWISSADME: A FREE WEB TOOL TO EVALUATE PHARMACOKINETICS, DRUG-LIKENESS AND MEDICINAL CHEMISTRY FRIENDLINESS OF SMALL MOLECULES",0.031729
root_07,root_16,"LUMPKIN GT, 1996, ACAD MANAGE REV","GILMORE A, 2011, J RES MARK ENTREP",CLARIFYING THE ENTREPRENEURIAL ORIENTATION CONSTRUCT AND LINKING IT TO PERFORMANCE,ENTREPRENEURIAL AND SME MARKETING,0.030653
root_04,root_17,"SHANE S, 2000, ACAD MANAGE REV","HANSEN DJ, 2010, J RES MARK ENTREP",THE PROMISE OF ENTREPRENEURSHIP AS A FIELD OF RESEARCH,THE MARKETING/ENTREPRENEURSHIP INTERFACE: A REPORT ON THE “CHARLESTON SUMMIT”,0.030445
root_02,root_07,"COLLINSON E, 2001, MANAGEMENT DECISION","LUMPKIN GT, 1996, ACAD MANAGE REV",ENTREPRENEURIAL MARKETING – A HISTORICAL PERSPECTIVE ON DEVELOPMENT AND PRACTICE,CLARIFYING THE ENTREPRENEURIAL ORIENTATION CONSTRUCT AND LINKING IT TO PERFORMANCE,0.030089
root_06,root_09,"MATSUNO K, 2002, J MARKETING","SARASVATHY SD, 2001, ACAD MANAGE REV",THE EFFECTS OF ENTREPRENEURIAL PROCLIVITY AND MARKET ORIENTATION ON BUSINESS PERFORMANCE,CAUSATION AND EFFECTUATION: TOWARD A THEORETICAL SHIFT FROM ECONOMIC INEVITABILITY TO ENTREPRENEURIAL CONTINGENCY,0.029917
root_02,root_14,"COLLINSON E, 2001, MANAGEMENT DECISION","KOHLI AK, 1990, J MARKETING",ENTREPRENEURIAL MARKETING – A HISTORICAL PERSPECTIVE ON DEVELOPMENT AND PRACTICE,"MARKET ORIENTATION: THE CONSTRUCT, RESEARCH PROPOSITIONS, AND MANAGERIAL IMPLICATIONS",0.029702
root_08,root_17,"BARNEY J, 1991, J MANAGE","HANSEN DJ, 2010, J RES MARK ENTREP",FIRM RESOURCES AND SUSTAINED COMPETITIVE ADVANTAGE,THE MARKETING/ENTREPRENEURSHIP INTERFACE: A REPORT ON THE “CHARLESTON SUMMIT”,0.029288
root_05,root_06,"MILLER D, 1983, MANAGE SCI","MATSUNO K, 2002, J MARKETING",THE CORRELATES OF ENTREPRENEURSHIP IN THREE TYPES OF FIRMS,THE EFFECTS OF ENTREPRENEURIAL PROCLIVITY AND MARKET ORIENTATION ON BUSINESS PERFORMANCE,0.028704
root_04,root_10,"SHANE S, 2000, ACAD MANAGE REV","CARSON D, 1995, MARKETING AND ENTREPRENEURSHIP IN SMES - AN INNOVATIVE APPROACH",THE PROMISE OF ENTREPRENEURSHIP AS A FIELD OF RESEARCH,Marketing and entrepreneurship in SMEs : an innovative approach,0.028632
root_13,root_19,"NARVER JC, 1990, J MARKETING","FORNELL C, 1981, J MARKETING RES",THE EFFECT OF A MARKET ORIENTATION ON BUSINESS PROFITABILITY,"SWISSADME: A FREE WEB TOOL TO EVALUATE PHARMACOKINETICS, DRUG-LIKENESS AND MEDICINAL CHEMISTRY FRIENDLINESS OF SMALL MOLECULES",0.028356
root_04,root_08,"SHANE S, 2000, ACAD MANAGE REV","BARNEY J, 1991, J MANAGE",THE PROMISE OF ENTREPRENEURSHIP AS A FIELD OF RESEARCH,FIRM RESOURCES AND SUSTAINED COMPETITIVE ADVANTAGE,0.028191
root_12,root_19,"BJERKE B, 2002, ENTREPRENEURIAL MARK","FORNELL C, 1981, J MARKETING RES",Entrepreneurial Marketing: The Growth of Small Firms in the New Economic Era,"SWISSADME: A FREE WEB TOOL TO EVALUATE PHARMACOKINETICS, DRUG-LIKENESS AND MEDICINAL CHEMISTRY FRIENDLINESS OF SMALL MOLECULES",0.027976
root_04,root_12,"SHANE S, 2000, ACAD MANAGE REV","BJERKE B, 2002, ENTREPRENEURIAL MARK",THE PROMISE OF ENTREPRENEURSHIP AS A FIELD OF RESEARCH,Entrepreneurial Marketing: The Growth of Small Firms in the New Economic Era,0.027749
root_07,root_17,"LUMPKIN GT, 1996, ACAD MANAGE REV","HANSEN DJ, 2010, J RES MARK ENTREP",CLARIFYING THE ENTREPRENEURIAL ORIENTATION CONSTRUCT AND LINKING IT TO PERFORMANCE,THE MARKETING/ENTREPRENEURSHIP INTERFACE: A REPORT ON THE “CHARLESTON SUMMIT”,0.027424
root_18,root_19,"BECHERER RC, 2012, NEW ENGLAND JOURNAL OF ENTREPRENEURSHIP","FORNELL C, 1981, J MARKETING RES",THE EFFECT OF ENTREPRENEURIAL MARKETING ON OUTCOME GOALS IN SMES,"SWISSADME: A FREE WEB TOOL TO EVALUATE PHARMACOKINETICS, DRUG-LIKENESS AND MEDICINAL CHEMISTRY FRIENDLINESS OF SMALL MOLECULES",0.027212
root_05,root_14,"MILLER D, 1983, MANAGE SCI","KOHLI AK, 1990, J MARKETING",THE CORRELATES OF ENTREPRENEURSHIP IN THREE TYPES OF FIRMS,"MARKET ORIENTATION: THE CONSTRUCT, RESEARCH PROPOSITIONS, AND MANAGERIAL IMPLICATIONS",0.027203
root_03,root_08,"STOKES D, 2000, J RES MARKETING ENTR","BARNEY J, 1991, J MANAGE",PUTTING ENTREPRENEURSHIP INTO MARKETING: THE PROCESSES OF ENTREPRENEURIAL MARKETING,FIRM RESOURCES AND SUSTAINED COMPETITIVE ADVANTAGE,0.026364
root_03,root_09,"STOKES D, 2000, J RES MARKETING ENTR","SARASVATHY SD, 2001, ACAD MANAGE REV",PUTTING ENTREPRENEURSHIP INTO MARKETING: THE PROCESSES OF ENTREPRENEURIAL MARKETING,CAUSATION AND EFFECTUATION: TOWARD A THEORETICAL SHIFT FROM ECONOMIC INEVITABILITY TO ENTREPRENEURIAL CONTINGENCY,0.026014
root_14,root_18,"KOHLI AK, 1990, J MARKETING","BECHERER RC, 2012, NEW ENGLAND JOURNAL OF ENTREPRENEURSHIP","MARKET ORIENTATION: THE CONSTRUCT, RESEARCH PROPOSITIONS, AND MANAGERIAL IMPLICATIONS",THE EFFECT OF ENTREPRENEURIAL MARKETING ON OUTCOME GOALS IN SMES,0.025795
root_06,root_18,"MATSUNO K, 2002, J MARKETING","BECHERER RC, 2012, NEW ENGLAND JOURNAL OF ENTREPRENEURSHIP",THE EFFECTS OF ENTREPRENEURIAL PROCLIVITY AND MARKET ORIENTATION ON BUSINESS PERFORMANCE,THE EFFECT OF ENTREPRENEURIAL MARKETING ON OUTCOME GOALS IN SMES,0.025792
root_07,root_18,"LUMPKIN GT, 1996, ACAD MANAGE REV","BECHERER RC, 2012, NEW ENGLAND JOURNAL OF ENTREPRENEURSHIP",CLARIFYING THE ENTREPRENEURIAL ORIENTATION CONSTRUCT AND LINKING IT TO PERFORMANCE,THE EFFECT OF ENTREPRENEURIAL MARKETING ON OUTCOME GOALS IN SMES,0.025435
root_05,root_08,"MILLER D, 1983, MANAGE SCI","BARNEY J, 1991, J MANAGE",THE CORRELATES OF ENTREPRENEURSHIP IN THREE TYPES OF FIRMS,FIRM RESOURCES AND SUSTAINED COMPETITIVE ADVANTAGE,0.024153
root_11,root_19,"READ S, 2009, J MARKETING","FORNELL C, 1981, J MARKETING RES",MARKETING UNDER UNCERTAINTY: THE LOGIC OF AN EFFECTUAL APPROACH,"SWISSADME: A FREE WEB TOOL TO EVALUATE PHARMACOKINETICS, DRUG-LIKENESS AND MEDICINAL CHEMISTRY FRIENDLINESS OF SMALL MOLECULES",0.022704
root_01,root_13,"MORRIS MH, 2002, J MARKET THEORY PRAC","NARVER JC, 1990, J MARKETING",ENTREPRENEURIAL MARKETING: A CONSTRUCT FOR INTEGRATING EMERGING ENTREPRENEURSHIP AND MARKETING PERSPECTIVES,THE EFFECT OF A MARKET ORIENTATION ON BUSINESS PROFITABILITY,0.022079
root_09,root_16,"SARASVATHY SD, 2001, ACAD MANAGE REV","GILMORE A, 2011, J RES MARK ENTREP",CAUSATION AND EFFECTUATION: TOWARD A THEORETICAL SHIFT FROM ECONOMIC INEVITABILITY TO ENTREPRENEURIAL CONTINGENCY,ENTREPRENEURIAL AND SME MARKETING,0.021834
root_03,root_07,"STOKES D, 2000, J RES MARKETING ENTR","LUMPKIN GT, 1996, ACAD MANAGE REV",PUTTING ENTREPRENEURSHIP INTO MARKETING: THE PROCESSES OF ENTREPRENEURIAL MARKETING,CLARIFYING THE ENTREPRENEURIAL ORIENTATION CONSTRUCT AND LINKING IT TO PERFORMANCE,0.020984
root_07,root_11,"LUMPKIN GT, 1996, ACAD MANAGE REV","READ S, 2009, J MARKETING",CLARIFYING THE ENTREPRENEURIAL ORIENTATION CONSTRUCT AND LINKING IT TO PERFORMANCE,MARKETING UNDER UNCERTAINTY: THE LOGIC OF AN EFFECTUAL APPROACH,0.020981
root_12,root_13,"BJERKE B, 2002, ENTREPRENEURIAL MARK","NARVER JC, 1990, J MARKETING",Entrepreneurial Marketing: The Growth of Small Firms in the New Economic Era,THE EFFECT OF A MARKET ORIENTATION ON BUSINESS PROFITABILITY,0.020908
root_14,root_19,"KOHLI AK, 1990, J MARKETING","FORNELL C, 1981, J MARKETING RES","MARKET ORIENTATION: THE CONSTRUCT, RESEARCH PROPOSITIONS, AND MANAGERIAL IMPLICATIONS","SWISSADME: A FREE WEB TOOL TO EVALUATE PHARMACOKINETICS, DRUG-LIKENESS AND MEDICINAL CHEMISTRY FRIENDLINESS OF SMALL MOLECULES",0.019784
root_08,root_15,"BARNEY J, 1991, J MANAGE","HILLS G, 2011, JOURNAL OF SMALL BUSINESS AND ENTREPRENEURSHIP",FIRM RESOURCES AND SUSTAINED COMPETITIVE ADVANTAGE,ACADEMIC ROOTS: THE PAST AND PRESENT OF ENTREPRENEURIAL MARKETING,0.019617
root_07,root_10,"LUMPKIN GT, 1996, ACAD MANAGE REV","CARSON D, 1995, MARKETING AND ENTREPRENEURSHIP IN SMES - AN INNOVATIVE APPROACH",CLARIFYING THE ENTREPRENEURIAL ORIENTATION CONSTRUCT AND LINKING IT TO PERFORMANCE,Marketing and entrepreneurship in SMEs : an innovative approach,0.018618
root_09,root_17,"SARASVATHY SD, 2001, ACAD MANAGE REV","HANSEN DJ, 2010, J RES MARK ENTREP",CAUSATION AND EFFECTUATION: TOWARD A THEORETICAL SHIFT FROM ECONOMIC INEVITABILITY TO ENTREPRENEURIAL CONTINGENCY,THE MARKETING/ENTREPRENEURSHIP INTERFACE: A REPORT ON THE “CHARLESTON SUMMIT”,0.018464
root_08,root_16,"BARNEY J, 1991, J MANAGE","GILMORE A, 2011, J RES MARK ENTREP",FIRM RESOURCES AND SUSTAINED COMPETITIVE ADVANTAGE,ENTREPRENEURIAL AND SME MARKETING,0.018307
root_09,root_11,"SARASVATHY SD, 2001, ACAD MANAGE REV","READ S, 2009, J MARKETING",CAUSATION AND EFFECTUATION: TOWARD A THEORETICAL SHIFT FROM ECONOMIC INEVITABILITY TO ENTREPRENEURIAL CONTINGENCY,MARKETING UNDER UNCERTAINTY: THE LOGIC OF AN EFFECTUAL APPROACH,0.018212
root_05,root_07,"MILLER D, 1983, MANAGE SCI","LUMPKIN GT, 1996, ACAD MANAGE REV",THE CORRELATES OF ENTREPRENEURSHIP IN THREE TYPES OF FIRMS,CLARIFYING THE ENTREPRENEURIAL ORIENTATION CONSTRUCT AND LINKING IT TO PERFORMANCE,0.017239
root_09,root_20,"SARASVATHY SD, 2001, ACAD MANAGE REV","ALQAHTANI N, 2022, J STRATEG MARK",CAUSATION AND EFFECTUATION: TOWARD A THEORETICAL SHIFT FROM ECONOMIC INEVITABILITY TO ENTREPRENEURIAL CONTINGENCY,"ENTREPRENEURIAL MARKETING AND FIRM PERFORMANCE: SCALE DEVELOPMENT, VALIDATION, AND EMPIRICAL TEST",0.016401
root_05,root_18,"MILLER D, 1983, MANAGE SCI","BECHERER RC, 2012, NEW ENGLAND JOURNAL OF ENTREPRENEURSHIP",THE CORRELATES OF ENTREPRENEURSHIP IN THREE TYPES OF FIRMS,THE EFFECT OF ENTREPRENEURIAL MARKETING ON OUTCOME GOALS IN SMES,0.015864
root_09,root_18,"SARASVATHY SD, 2001, ACAD MANAGE REV","BECHERER RC, 2012, NEW ENGLAND JOURNAL OF ENTREPRENEURSHIP",CAUSATION AND EFFECTUATION: TOWARD A THEORETICAL SHIFT FROM ECONOMIC INEVITABILITY TO ENTREPRENEURIAL CONTINGENCY,THE EFFECT OF ENTREPRENEURIAL MARKETING ON OUTCOME GOALS IN SMES,0.015576
root_08,root_18,"BARNEY J, 1991, J MANAGE","BECHERER RC, 2012, NEW ENGLAND JOURNAL OF ENTREPRENEURSHIP",FIRM RESOURCES AND SUSTAINED COMPETITIVE ADVANTAGE,THE EFFECT OF ENTREPRENEURIAL MARKETING ON OUTCOME GOALS IN SMES,0.015138
root_10,root_13,"CARSON D, 1995, MARKETING AND ENTREPRENEURSHIP IN SMES - AN INNOVATIVE APPROACH","NARVER JC, 1990, J MARKETING",Marketing and entrepreneurship in SMEs : an innovative approach,THE EFFECT OF A MARKET ORIENTATION ON BUSINESS PROFITABILITY,0.01458
root_04,root_20,"SHANE S, 2000, ACAD MANAGE REV","ALQAHTANI N, 2022, J STRATEG MARK",THE PROMISE OF ENTREPRENEURSHIP AS A FIELD OF RESEARCH,"ENTREPRENEURIAL MARKETING AND FIRM PERFORMANCE: SCALE DEVELOPMENT, VALIDATION, AND EMPIRICAL TEST",0.014557
root_08,root_13,"BARNEY J, 1991, J MANAGE","NARVER JC, 1990, J MARKETING",FIRM RESOURCES AND SUSTAINED COMPETITIVE ADVANTAGE,THE EFFECT OF A MARKET ORIENTATION ON BUSINESS PROFITABILITY,0.014167
root_17,root_19,"HANSEN DJ, 2010, J RES MARK ENTREP","FORNELL C, 1981, J MARKETING RES",THE MARKETING/ENTREPRENEURSHIP INTERFACE: A REPORT ON THE “CHARLESTON SUMMIT”,"SWISSADME: A FREE WEB TOOL TO EVALUATE PHARMACOKINETICS, DRUG-LIKENESS AND MEDICINAL CHEMISTRY FRIENDLINESS OF SMALL MOLECULES",0.012964
root_02,root_13,"COLLINSON E, 2001, MANAGEMENT DECISION","NARVER JC, 1990, J MARKETING",ENTREPRENEURIAL MARKETING – A HISTORICAL PERSPECTIVE ON DEVELOPMENT AND PRACTICE,THE EFFECT OF A MARKET ORIENTATION ON BUSINESS PROFITABILITY,0.01294
root_16,root_19,"GILMORE A, 2011, J RES MARK ENTREP","FORNELL C, 1981, J MARKETING RES",ENTREPRENEURIAL AND SME MARKETING,"SWISSADME: A FREE WEB TOOL TO EVALUATE PHARMACOKINETICS, DRUG-LIKENESS AND MEDICINAL CHEMISTRY FRIENDLINESS OF SMALL MOLECULES",0.012634
root_04,root_11,"SHANE S, 2000, ACAD MANAGE REV","READ S, 2009, J MARKETING",THE PROMISE OF ENTREPRENEURSHIP AS A FIELD OF RESEARCH,MARKETING UNDER UNCERTAINTY: THE LOGIC OF AN EFFECTUAL APPROACH,0.011828
root_04,root_06,"SHANE S, 2000, ACAD MANAGE REV","MATSUNO K, 2002, J MARKETING",THE PROMISE OF ENTREPRENEURSHIP AS A FIELD OF RESEARCH,THE EFFECTS OF ENTREPRENEURIAL PROCLIVITY AND MARKET ORIENTATION ON BUSINESS PERFORMANCE,0.011461
root_13,root_18,"NARVER JC, 1990, J MARKETING","BECHERER RC, 2012, NEW ENGLAND JOURNAL OF ENTREPRENEURSHIP",THE EFFECT OF A MARKET ORIENTATION ON BUSINESS PROFITABILITY,THE EFFECT OF ENTREPRENEURIAL MARKETING ON OUTCOME GOALS IN SMES,0.01081
root_04,root_19,"SHANE S, 2000, ACAD MANAGE REV","FORNELL C, 1981, J MARKETING RES",THE PROMISE OF ENTREPRENEURSHIP AS A FIELD OF RESEARCH,"SWISSADME: A FREE WEB TOOL TO EVALUATE PHARMACOKINETICS, DRUG-LIKENESS AND MEDICINAL CHEMISTRY FRIENDLINESS OF SMALL MOLECULES",0.009412
root_08,root_10,"BARNEY J, 1991, J MANAGE","CARSON D, 1995, MARKETING AND ENTREPRENEURSHIP IN SMES - AN INNOVATIVE APPROACH",FIRM RESOURCES AND SUSTAINED COMPETITIVE ADVANTAGE,Marketing and entrepreneurship in SMEs : an innovative approach,0.008872
root_08,root_09,"BARNEY J, 1991, J MANAGE","SARASVATHY SD, 2001, ACAD MANAGE REV",FIRM RESOURCES AND SUSTAINED COMPETITIVE ADVANTAGE,CAUSATION AND EFFECTUATION: TOWARD A THEORETICAL SHIFT FROM ECONOMIC INEVITABILITY TO ENTREPRENEURIAL CONTINGENCY,0.008456
root_08,root_11,"BARNEY J, 1991, J MANAGE","READ S, 2009, J MARKETING",FIRM RESOURCES AND SUSTAINED COMPETITIVE ADVANTAGE,MARKETING UNDER UNCERTAINTY: THE LOGIC OF AN EFFECTUAL APPROACH,0.006295
root_10,root_19,"CARSON D, 1995, MARKETING AND ENTREPRENEURSHIP IN SMES - AN INNOVATIVE APPROACH","FORNELL C, 1981, J MARKETING RES",Marketing and entrepreneurship in SMEs : an innovative approach,"SWISSADME: A FREE WEB TOOL TO EVALUATE PHARMACOKINETICS, DRUG-LIKENESS AND MEDICINAL CHEMISTRY FRIENDLINESS OF SMALL MOLECULES",0.005376
root_02,root_04,"COLLINSON E, 2001, MANAGEMENT DECISION","SHANE S, 2000, ACAD MANAGE REV",ENTREPRENEURIAL MARKETING – A HISTORICAL PERSPECTIVE ON DEVELOPMENT AND PRACTICE,THE PROMISE OF ENTREPRENEURSHIP AS A FIELD OF RESEARCH,0.0
root_02,root_19,"COLLINSON E, 2001, MANAGEMENT DECISION","FORNELL C, 1981, J MARKETING RES",ENTREPRENEURIAL MARKETING – A HISTORICAL PERSPECTIVE ON DEVELOPMENT AND PRACTICE,"SWISSADME: A FREE WEB TOOL TO EVALUATE PHARMACOKINETICS, DRUG-LIKENESS AND MEDICINAL CHEMISTRY FRIENDLINESS OF SMALL MOLECULES",0.0
root_02,root_05,"COLLINSON E, 2001, MANAGEMENT DECISION","MILLER D, 1983, MANAGE SCI",ENTREPRENEURIAL MARKETING – A HISTORICAL PERSPECTIVE ON DEVELOPMENT AND PRACTICE,THE CORRELATES OF ENTREPRENEURSHIP IN THREE TYPES OF FIRMS,0.0
root_02,root_08,"COLLINSON E, 2001, MANAGEMENT DECISION","BARNEY J, 1991, J MANAGE",ENTREPRENEURIAL MARKETING – A HISTORICAL PERSPECTIVE ON DEVELOPMENT AND PRACTICE,FIRM RESOURCES AND SUSTAINED COMPETITIVE ADVANTAGE,0.0
root_04,root_09,"SHANE S, 2000, ACAD MANAGE REV","SARASVATHY SD, 2001, ACAD MANAGE REV",THE PROMISE OF ENTREPRENEURSHIP AS A FIELD OF RESEARCH,CAUSATION AND EFFECTUATION: TOWARD A THEORETICAL SHIFT FROM ECONOMIC INEVITABILITY TO ENTREPRENEURIAL CONTINGENCY,0.0
root_04,root_18,"SHANE S, 2000, ACAD MANAGE REV","BECHERER RC, 2012, NEW ENGLAND JOURNAL OF ENTREPRENEURSHIP",THE PROMISE OF ENTREPRENEURSHIP AS A FIELD OF RESEARCH,THE EFFECT OF ENTREPRENEURIAL MARKETING ON OUTCOME GOALS IN SMES,0.0
root_05,root_09,"MILLER D, 1983, MANAGE SCI","SARASVATHY SD, 2001, ACAD MANAGE REV",THE CORRELATES OF ENTREPRENEURSHIP IN THREE TYPES OF FIRMS,CAUSATION AND EFFECTUATION: TOWARD A THEORETICAL SHIFT FROM ECONOMIC INEVITABILITY TO ENTREPRENEURIAL CONTINGENCY,0.0
root_06,root_10,"MATSUNO K, 2002, J MARKETING","CARSON D, 1995, MARKETING AND ENTREPRENEURSHIP IN SMES - AN INNOVATIVE APPROACH",THE EFFECTS OF ENTREPRENEURIAL PROCLIVITY AND MARKET ORIENTATION ON BUSINESS PERFORMANCE,Marketing and entrepreneurship in SMEs : an innovative approach,0.0
root_09,root_10,"SARASVATHY SD, 2001, ACAD MANAGE REV","CARSON D, 1995, MARKETING AND ENTREPRENEURSHIP IN SMES - AN INNOVATIVE APPROACH",CAUSATION AND EFFECTUATION: TOWARD A THEORETICAL SHIFT FROM ECONOMIC INEVITABILITY TO ENTREPRENEURIAL CONTINGENCY,Marketing and entrepreneurship in SMEs : an innovative approach,0.0
root_09,root_13,"SARASVATHY SD, 2001, ACAD MANAGE REV","NARVER JC, 1990, J MARKETING",CAUSATION AND EFFECTUATION: TOWARD A THEORETICAL SHIFT FROM ECONOMIC INEVITABILITY TO ENTREPRENEURIAL CONTINGENCY,THE EFFECT OF A MARKET ORIENTATION ON BUSINESS PROFITABILITY,0.0
root_09,root_14,"SARASVATHY SD, 2001, ACAD MANAGE REV","KOHLI AK, 1990, J MARKETING",CAUSATION AND EFFECTUATION: TOWARD A THEORETICAL SHIFT FROM ECONOMIC INEVITABILITY TO ENTREPRENEURIAL CONTINGENCY,"MARKET ORIENTATION: THE CONSTRUCT, RESEARCH PROPOSITIONS, AND MANAGERIAL IMPLICATIONS",0.0
root_09,root_19,"SARASVATHY SD, 2001, ACAD MANAGE REV","FORNELL C, 1981, J MARKETING RES",CAUSATION AND EFFECTUATION: TOWARD A THEORETICAL SHIFT FROM ECONOMIC INEVITABILITY TO ENTREPRENEURIAL CONTINGENCY,"SWISSADME: A FREE WEB TOOL TO EVALUATE PHARMACOKINETICS, DRUG-LIKENESS AND MEDICINAL CHEMISTRY FRIENDLINESS OF SMALL MOLECULES",0.0
