source_root_id,target_root_id,source_node_id,target_node_id,source_title,target_title,ntf_topic_similarity
root_07,root_13,"LUMPKIN GT, 1996, ACAD MANAGE REV","NARVER JC, 1990, J MARKETING",CLARIFYING THE ENTREPRENEURIAL ORIENTATION CONSTRUCT AND LINKING IT TO PERFORMANCE,THE EFFECT OF A MARKET ORIENTATION ON BUSINESS PROFITABILITY,0.999867
root_06,root_13,"MATSUNO K, 2002, J MARKETING","NARVER JC, 1990, J MARKETING",THE EFFECTS OF ENTREPRENEURIAL PROCLIVITY AND MARKET ORIENTATION ON BUSINESS PERFORMANCE,THE EFFECT OF A MARKET ORIENTATION ON BUSINESS PROFITABILITY,0.99845
root_06,root_07,"MATSUNO K, 2002, J MARKETING","LUMPKIN GT, 1996, ACAD MANAGE REV",THE EFFECTS OF ENTREPRENEURIAL PROCLIVITY AND MARKET ORIENTATION ON BUSINESS PERFORMANCE,CLARIFYING THE ENTREPRENEURIAL ORIENTATION CONSTRUCT AND LINKING IT TO PERFORMANCE,0.997833
root_04,root_12,"SHANE S, 2000, ACAD MANAGE REV","BJERKE B, 2002, ENTREPRENEURIAL MARK",THE PROMISE OF ENTREPRENEURSHIP AS A FIELD OF RESEARCH,Entrepreneurial Marketing: The Growth of Small Firms in the New Economic Era,0.992168
root_02,root_09,"COLLINSON E, 2001, MANAGEMENT DECISION","SARASVATHY SD, 2001, ACAD MANAGE REV",ENTREPRENEURIAL MARKETING – A HISTORICAL PERSPECTIVE ON DEVELOPMENT AND PRACTICE,CAUSATION AND EFFECTUATION: TOWARD A THEORETICAL SHIFT FROM ECONOMIC INEVITABILITY TO ENTREPRENEURIAL CONTINGENCY,0.988758
root_03,root_18,"STOKES D, 2000, J RES MARKETING ENTR","BECHERER RC, 2012, NEW ENGLAND JOURNAL OF ENTREPRENEURSHIP",PUTTING ENTREPRENEURSHIP INTO MARKETING: THE PROCESSES OF ENTREPRENEURIAL MARKETING,THE EFFECT OF ENTREPRENEURIAL MARKETING ON OUTCOME GOALS IN SMES,0.988473
root_01,root_18,"MORRIS MH, 2002, J MARKET THEORY PRAC","BECHERER RC, 2012, NEW ENGLAND JOURNAL OF ENTREPRENEURSHIP",ENTREPRENEURIAL MARKETING: A CONSTRUCT FOR INTEGRATING EMERGING ENTREPRENEURSHIP AND MARKETING PERSPECTIVES,THE EFFECT OF ENTREPRENEURIAL MARKETING ON OUTCOME GOALS IN SMES,0.985721
root_08,root_12,"BARNEY J, 1991, J MANAGE","BJERKE B, 2002, ENTREPRENEURIAL MARK",FIRM RESOURCES AND SUSTAINED COMPETITIVE ADVANTAGE,Entrepreneurial Marketing: The Growth of Small Firms in the New Economic Era,0.981576
root_01,root_02,"MORRIS MH, 2002, J MARKET THEORY PRAC","COLLINSON E, 2001, MANAGEMENT DECISION",ENTREPRENEURIAL MARKETING: A CONSTRUCT FOR INTEGRATING EMERGING ENTREPRENEURSHIP AND MARKETING PERSPECTIVES,ENTREPRENEURIAL MARKETING – A HISTORICAL PERSPECTIVE ON DEVELOPMENT AND PRACTICE,0.979317
root_01,root_03,"MORRIS MH, 2002, J MARKET THEORY PRAC","STOKES D, 2000, J RES MARKETING ENTR",ENTREPRENEURIAL MARKETING: A CONSTRUCT FOR INTEGRATING EMERGING ENTREPRENEURSHIP AND MARKETING PERSPECTIVES,PUTTING ENTREPRENEURSHIP INTO MARKETING: THE PROCESSES OF ENTREPRENEURIAL MARKETING,0.979222
root_01,root_09,"MORRIS MH, 2002, J MARKET THEORY PRAC","SARASVATHY SD, 2001, ACAD MANAGE REV",ENTREPRENEURIAL MARKETING: A CONSTRUCT FOR INTEGRATING EMERGING ENTREPRENEURSHIP AND MARKETING PERSPECTIVES,CAUSATION AND EFFECTUATION: TOWARD A THEORETICAL SHIFT FROM ECONOMIC INEVITABILITY TO ENTREPRENEURIAL CONTINGENCY,0.974048
root_04,root_08,"SHANE S, 2000, ACAD MANAGE REV","BARNEY J, 1991, J MANAGE",THE PROMISE OF ENTREPRENEURSHIP AS A FIELD OF RESEARCH,FIRM RESOURCES AND SUSTAINED COMPETITIVE ADVANTAGE,0.966228
root_02,root_18,"COLLINSON E, 2001, MANAGEMENT DECISION","BECHERER RC, 2012, NEW ENGLAND JOURNAL OF ENTREPRENEURSHIP",ENTREPRENEURIAL MARKETING – A HISTORICAL PERSPECTIVE ON DEVELOPMENT AND PRACTICE,THE EFFECT OF ENTREPRENEURIAL MARKETING ON OUTCOME GOALS IN SMES,0.965626
root_07,root_14,"LUMPKIN GT, 1996, ACAD MANAGE REV","KOHLI AK, 1990, J MARKETING",CLARIFYING THE ENTREPRENEURIAL ORIENTATION CONSTRUCT AND LINKING IT TO PERFORMANCE,"MARKET ORIENTATION: THE CONSTRUCT, RESEARCH PROPOSITIONS, AND MANAGERIAL IMPLICATIONS",0.955352
root_13,root_14,"NARVER JC, 1990, J MARKETING","KOHLI AK, 1990, J MARKETING",THE EFFECT OF A MARKET ORIENTATION ON BUSINESS PROFITABILITY,"MARKET ORIENTATION: THE CONSTRUCT, RESEARCH PROPOSITIONS, AND MANAGERIAL IMPLICATIONS",0.952896
root_04,root_15,"SHANE S, 2000, ACAD MANAGE REV","HILLS G, 2011, JOURNAL OF SMALL BUSINESS AND ENTREPRENEURSHIP",THE PROMISE OF ENTREPRENEURSHIP AS A FIELD OF RESEARCH,ACADEMIC ROOTS: THE PAST AND PRESENT OF ENTREPRENEURIAL MARKETING,0.950978
root_03,root_16,"STOKES D, 2000, J RES MARKETING ENTR","GILMORE A, 2011, J RES MARK ENTREP",PUTTING ENTREPRENEURSHIP INTO MARKETING: THE PROCESSES OF ENTREPRENEURIAL MARKETING,ENTREPRENEURIAL AND SME MARKETING,0.950859
root_09,root_18,"SARASVATHY SD, 2001, ACAD MANAGE REV","BECHERER RC, 2012, NEW ENGLAND JOURNAL OF ENTREPRENEURSHIP",CAUSATION AND EFFECTUATION: TOWARD A THEORETICAL SHIFT FROM ECONOMIC INEVITABILITY TO ENTREPRENEURIAL CONTINGENCY,THE EFFECT OF ENTREPRENEURIAL MARKETING ON OUTCOME GOALS IN SMES,0.945598
root_08,root_15,"BARNEY J, 1991, J MANAGE","HILLS G, 2011, JOURNAL OF SMALL BUSINESS AND ENTREPRENEURSHIP",FIRM RESOURCES AND SUSTAINED COMPETITIVE ADVANTAGE,ACADEMIC ROOTS: THE PAST AND PRESENT OF ENTREPRENEURIAL MARKETING,0.944653
root_10,root_15,"CARSON D, 1995, MARKETING AND ENTREPRENEURSHIP IN SMES - AN INNOVATIVE APPROACH","HILLS G, 2011, JOURNAL OF SMALL BUSINESS AND ENTREPRENEURSHIP",Marketing and entrepreneurship in SMEs : an innovative approach,ACADEMIC ROOTS: THE PAST AND PRESENT OF ENTREPRENEURIAL MARKETING,0.941692
root_12,root_15,"BJERKE B, 2002, ENTREPRENEURIAL MARK","HILLS G, 2011, JOURNAL OF SMALL BUSINESS AND ENTREPRENEURSHIP",Entrepreneurial Marketing: The Growth of Small Firms in the New Economic Era,ACADEMIC ROOTS: THE PAST AND PRESENT OF ENTREPRENEURIAL MARKETING,0.941361
root_06,root_14,"MATSUNO K, 2002, J MARKETING","KOHLI AK, 1990, J MARKETING",THE EFFECTS OF ENTREPRENEURIAL PROCLIVITY AND MARKET ORIENTATION ON BUSINESS PERFORMANCE,"MARKET ORIENTATION: THE CONSTRUCT, RESEARCH PROPOSITIONS, AND MANAGERIAL IMPLICATIONS",0.936016
root_02,root_03,"COLLINSON E, 2001, MANAGEMENT DECISION","STOKES D, 2000, J RES MARKETING ENTR",ENTREPRENEURIAL MARKETING – A HISTORICAL PERSPECTIVE ON DEVELOPMENT AND PRACTICE,PUTTING ENTREPRENEURSHIP INTO MARKETING: THE PROCESSES OF ENTREPRENEURIAL MARKETING,0.930503
root_04,root_05,"SHANE S, 2000, ACAD MANAGE REV","MILLER D, 1983, MANAGE SCI",THE PROMISE OF ENTREPRENEURSHIP AS A FIELD OF RESEARCH,THE CORRELATES OF ENTREPRENEURSHIP IN THREE TYPES OF FIRMS,0.930044
root_03,root_09,"STOKES D, 2000, J RES MARKETING ENTR","SARASVATHY SD, 2001, ACAD MANAGE REV",PUTTING ENTREPRENEURSHIP INTO MARKETING: THE PROCESSES OF ENTREPRENEURIAL MARKETING,CAUSATION AND EFFECTUATION: TOWARD A THEORETICAL SHIFT FROM ECONOMIC INEVITABILITY TO ENTREPRENEURIAL CONTINGENCY,0.922553
root_16,root_17,"GILMORE A, 2011, J RES MARK ENTREP","HANSEN DJ, 2010, J RES MARK ENTREP",ENTREPRENEURIAL AND SME MARKETING,THE MARKETING/ENTREPRENEURSHIP INTERFACE: A REPORT ON THE “CHARLESTON SUMMIT”,0.916795
root_10,root_17,"CARSON D, 1995, MARKETING AND ENTREPRENEURSHIP IN SMES - AN INNOVATIVE APPROACH","HANSEN DJ, 2010, J RES MARK ENTREP",Marketing and entrepreneurship in SMEs : an innovative approach,THE MARKETING/ENTREPRENEURSHIP INTERFACE: A REPORT ON THE “CHARLESTON SUMMIT”,0.91479
root_11,root_16,"READ S, 2009, J MARKETING","GILMORE A, 2011, J RES MARK ENTREP",MARKETING UNDER UNCERTAINTY: THE LOGIC OF AN EFFECTUAL APPROACH,ENTREPRENEURIAL AND SME MARKETING,0.91368
root_16,root_18,"GILMORE A, 2011, J RES MARK ENTREP","BECHERER RC, 2012, NEW ENGLAND JOURNAL OF ENTREPRENEURSHIP",ENTREPRENEURIAL AND SME MARKETING,THE EFFECT OF ENTREPRENEURIAL MARKETING ON OUTCOME GOALS IN SMES,0.899656
root_05,root_15,"MILLER D, 1983, MANAGE SCI","HILLS G, 2011, JOURNAL OF SMALL BUSINESS AND ENTREPRENEURSHIP",THE CORRELATES OF ENTREPRENEURSHIP IN THREE TYPES OF FIRMS,ACADEMIC ROOTS: THE PAST AND PRESENT OF ENTREPRENEURIAL MARKETING,0.890829
root_01,root_16,"MORRIS MH, 2002, J MARKET THEORY PRAC","GILMORE A, 2011, J RES MARK ENTREP",ENTREPRENEURIAL MARKETING: A CONSTRUCT FOR INTEGRATING EMERGING ENTREPRENEURSHIP AND MARKETING PERSPECTIVES,ENTREPRENEURIAL AND SME MARKETING,0.880219
root_11,root_17,"READ S, 2009, J MARKETING","HANSEN DJ, 2010, J RES MARK ENTREP",MARKETING UNDER UNCERTAINTY: THE LOGIC OF AN EFFECTUAL APPROACH,THE MARKETING/ENTREPRENEURSHIP INTERFACE: A REPORT ON THE “CHARLESTON SUMMIT”,0.878593
root_05,root_12,"MILLER D, 1983, MANAGE SCI","BJERKE B, 2002, ENTREPRENEURIAL MARK",THE CORRELATES OF ENTREPRENEURSHIP IN THREE TYPES OF FIRMS,Entrepreneurial Marketing: The Growth of Small Firms in the New Economic Era,0.87686
root_03,root_17,"STOKES D, 2000, J RES MARKETING ENTR","HANSEN DJ, 2010, J RES MARK ENTREP",PUTTING ENTREPRENEURSHIP INTO MARKETING: THE PROCESSES OF ENTREPRENEURIAL MARKETING,THE MARKETING/ENTREPRENEURSHIP INTERFACE: A REPORT ON THE “CHARLESTON SUMMIT”,0.874536
root_07,root_19,"LUMPKIN GT, 1996, ACAD MANAGE REV","ALQAHTANI N, 2022, J STRATEG MARK",CLARIFYING THE ENTREPRENEURIAL ORIENTATION CONSTRUCT AND LINKING IT TO PERFORMANCE,"ENTREPRENEURIAL MARKETING AND FIRM PERFORMANCE: SCALE DEVELOPMENT, VALIDATION, AND EMPIRICAL TEST",0.860795
root_13,root_19,"NARVER JC, 1990, J MARKETING","ALQAHTANI N, 2022, J STRATEG MARK",THE EFFECT OF A MARKET ORIENTATION ON BUSINESS PROFITABILITY,"ENTREPRENEURIAL MARKETING AND FIRM PERFORMANCE: SCALE DEVELOPMENT, VALIDATION, AND EMPIRICAL TEST",0.852946
root_05,root_10,"MILLER D, 1983, MANAGE SCI","CARSON D, 1995, MARKETING AND ENTREPRENEURSHIP IN SMES - AN INNOVATIVE APPROACH",THE CORRELATES OF ENTREPRENEURSHIP IN THREE TYPES OF FIRMS,Marketing and entrepreneurship in SMEs : an innovative approach,0.84737
root_06,root_19,"MATSUNO K, 2002, J MARKETING","ALQAHTANI N, 2022, J STRATEG MARK",THE EFFECTS OF ENTREPRENEURIAL PROCLIVITY AND MARKET ORIENTATION ON BUSINESS PERFORMANCE,"ENTREPRENEURIAL MARKETING AND FIRM PERFORMANCE: SCALE DEVELOPMENT, VALIDATION, AND EMPIRICAL TEST",0.845771
root_17,root_18,"HANSEN DJ, 2010, J RES MARK ENTREP","BECHERER RC, 2012, NEW ENGLAND JOURNAL OF ENTREPRENEURSHIP",THE MARKETING/ENTREPRENEURSHIP INTERFACE: A REPORT ON THE “CHARLESTON SUMMIT”,THE EFFECT OF ENTREPRENEURIAL MARKETING ON OUTCOME GOALS IN SMES,0.844592
root_14,root_19,"KOHLI AK, 1990, J MARKETING","ALQAHTANI N, 2022, J STRATEG MARK","MARKET ORIENTATION: THE CONSTRUCT, RESEARCH PROPOSITIONS, AND MANAGERIAL IMPLICATIONS","ENTREPRENEURIAL MARKETING AND FIRM PERFORMANCE: SCALE DEVELOPMENT, VALIDATION, AND EMPIRICAL TEST",0.842919
root_05,root_08,"MILLER D, 1983, MANAGE SCI","BARNEY J, 1991, J MANAGE",THE CORRELATES OF ENTREPRENEURSHIP IN THREE TYPES OF FIRMS,FIRM RESOURCES AND SUSTAINED COMPETITIVE ADVANTAGE,0.831474
root_03,root_11,"STOKES D, 2000, J RES MARKETING ENTR","READ S, 2009, J MARKETING",PUTTING ENTREPRENEURSHIP INTO MARKETING: THE PROCESSES OF ENTREPRENEURIAL MARKETING,MARKETING UNDER UNCERTAINTY: THE LOGIC OF AN EFFECTUAL APPROACH,0.819207
root_04,root_10,"SHANE S, 2000, ACAD MANAGE REV","CARSON D, 1995, MARKETING AND ENTREPRENEURSHIP IN SMES - AN INNOVATIVE APPROACH",THE PROMISE OF ENTREPRENEURSHIP AS A FIELD OF RESEARCH,Marketing and entrepreneurship in SMEs : an innovative approach,0.815039
root_08,root_10,"BARNEY J, 1991, J MANAGE","CARSON D, 1995, MARKETING AND ENTREPRENEURSHIP IN SMES - AN INNOVATIVE APPROACH",FIRM RESOURCES AND SUSTAINED COMPETITIVE ADVANTAGE,Marketing and entrepreneurship in SMEs : an innovative approach,0.79226
root_10,root_12,"CARSON D, 1995, MARKETING AND ENTREPRENEURSHIP IN SMES - AN INNOVATIVE APPROACH","BJERKE B, 2002, ENTREPRENEURIAL MARK",Marketing and entrepreneurship in SMEs : an innovative approach,Entrepreneurial Marketing: The Growth of Small Firms in the New Economic Era,0.778282
root_10,root_18,"CARSON D, 1995, MARKETING AND ENTREPRENEURSHIP IN SMES - AN INNOVATIVE APPROACH","BECHERER RC, 2012, NEW ENGLAND JOURNAL OF ENTREPRENEURSHIP",Marketing and entrepreneurship in SMEs : an innovative approach,THE EFFECT OF ENTREPRENEURIAL MARKETING ON OUTCOME GOALS IN SMES,0.777739
root_02,root_16,"COLLINSON E, 2001, MANAGEMENT DECISION","GILMORE A, 2011, J RES MARK ENTREP",ENTREPRENEURIAL MARKETING – A HISTORICAL PERSPECTIVE ON DEVELOPMENT AND PRACTICE,ENTREPRENEURIAL AND SME MARKETING,0.774512
root_09,root_16,"SARASVATHY SD, 2001, ACAD MANAGE REV","GILMORE A, 2011, J RES MARK ENTREP",CAUSATION AND EFFECTUATION: TOWARD A THEORETICAL SHIFT FROM ECONOMIC INEVITABILITY TO ENTREPRENEURIAL CONTINGENCY,ENTREPRENEURIAL AND SME MARKETING,0.768815
root_01,root_17,"MORRIS MH, 2002, J MARKET THEORY PRAC","HANSEN DJ, 2010, J RES MARK ENTREP",ENTREPRENEURIAL MARKETING: A CONSTRUCT FOR INTEGRATING EMERGING ENTREPRENEURSHIP AND MARKETING PERSPECTIVES,THE MARKETING/ENTREPRENEURSHIP INTERFACE: A REPORT ON THE “CHARLESTON SUMMIT”,0.764161
root_03,root_10,"STOKES D, 2000, J RES MARKETING ENTR","CARSON D, 1995, MARKETING AND ENTREPRENEURSHIP IN SMES - AN INNOVATIVE APPROACH",PUTTING ENTREPRENEURSHIP INTO MARKETING: THE PROCESSES OF ENTREPRENEURIAL MARKETING,Marketing and entrepreneurship in SMEs : an innovative approach,0.754739
root_11,root_18,"READ S, 2009, J MARKETING","BECHERER RC, 2012, NEW ENGLAND JOURNAL OF ENTREPRENEURSHIP",MARKETING UNDER UNCERTAINTY: THE LOGIC OF AN EFFECTUAL APPROACH,THE EFFECT OF ENTREPRENEURIAL MARKETING ON OUTCOME GOALS IN SMES,0.733574
root_15,root_17,"HILLS G, 2011, JOURNAL OF SMALL BUSINESS AND ENTREPRENEURSHIP","HANSEN DJ, 2010, J RES MARK ENTREP",ACADEMIC ROOTS: THE PAST AND PRESENT OF ENTREPRENEURIAL MARKETING,THE MARKETING/ENTREPRENEURSHIP INTERFACE: A REPORT ON THE “CHARLESTON SUMMIT”,0.730879
root_05,root_17,"MILLER D, 1983, MANAGE SCI","HANSEN DJ, 2010, J RES MARK ENTREP",THE CORRELATES OF ENTREPRENEURSHIP IN THREE TYPES OF FIRMS,THE MARKETING/ENTREPRENEURSHIP INTERFACE: A REPORT ON THE “CHARLESTON SUMMIT”,0.718925
root_01,root_11,"MORRIS MH, 2002, J MARKET THEORY PRAC","READ S, 2009, J MARKETING",ENTREPRENEURIAL MARKETING: A CONSTRUCT FOR INTEGRATING EMERGING ENTREPRENEURSHIP AND MARKETING PERSPECTIVES,MARKETING UNDER UNCERTAINTY: THE LOGIC OF AN EFFECTUAL APPROACH,0.712182
root_10,root_16,"CARSON D, 1995, MARKETING AND ENTREPRENEURSHIP IN SMES - AN INNOVATIVE APPROACH","GILMORE A, 2011, J RES MARK ENTREP",Marketing and entrepreneurship in SMEs : an innovative approach,ENTREPRENEURIAL AND SME MARKETING,0.710256
root_11,root_14,"READ S, 2009, J MARKETING","KOHLI AK, 1990, J MARKETING",MARKETING UNDER UNCERTAINTY: THE LOGIC OF AN EFFECTUAL APPROACH,"MARKET ORIENTATION: THE CONSTRUCT, RESEARCH PROPOSITIONS, AND MANAGERIAL IMPLICATIONS",0.690617
root_02,root_17,"COLLINSON E, 2001, MANAGEMENT DECISION","HANSEN DJ, 2010, J RES MARK ENTREP",ENTREPRENEURIAL MARKETING – A HISTORICAL PERSPECTIVE ON DEVELOPMENT AND PRACTICE,THE MARKETING/ENTREPRENEURSHIP INTERFACE: A REPORT ON THE “CHARLESTON SUMMIT”,0.685283
root_01,root_10,"MORRIS MH, 2002, J MARKET THEORY PRAC","CARSON D, 1995, MARKETING AND ENTREPRENEURSHIP IN SMES - AN INNOVATIVE APPROACH",ENTREPRENEURIAL MARKETING: A CONSTRUCT FOR INTEGRATING EMERGING ENTREPRENEURSHIP AND MARKETING PERSPECTIVES,Marketing and entrepreneurship in SMEs : an innovative approach,0.666623
root_10,root_11,"CARSON D, 1995, MARKETING AND ENTREPRENEURSHIP IN SMES - AN INNOVATIVE APPROACH","READ S, 2009, J MARKETING",Marketing and entrepreneurship in SMEs : an innovative approach,MARKETING UNDER UNCERTAINTY: THE LOGIC OF AN EFFECTUAL APPROACH,0.663917
root_02,root_10,"COLLINSON E, 2001, MANAGEMENT DECISION","CARSON D, 1995, MARKETING AND ENTREPRENEURSHIP IN SMES - AN INNOVATIVE APPROACH",ENTREPRENEURIAL MARKETING – A HISTORICAL PERSPECTIVE ON DEVELOPMENT AND PRACTICE,Marketing and entrepreneurship in SMEs : an innovative approach,0.662361
root_09,root_17,"SARASVATHY SD, 2001, ACAD MANAGE REV","HANSEN DJ, 2010, J RES MARK ENTREP",CAUSATION AND EFFECTUATION: TOWARD A THEORETICAL SHIFT FROM ECONOMIC INEVITABILITY TO ENTREPRENEURIAL CONTINGENCY,THE MARKETING/ENTREPRENEURSHIP INTERFACE: A REPORT ON THE “CHARLESTON SUMMIT”,0.660063
root_08,root_19,"BARNEY J, 1991, J MANAGE","ALQAHTANI N, 2022, J STRATEG MARK",FIRM RESOURCES AND SUSTAINED COMPETITIVE ADVANTAGE,"ENTREPRENEURIAL MARKETING AND FIRM PERFORMANCE: SCALE DEVELOPMENT, VALIDATION, AND EMPIRICAL TEST",0.65332
root_09,root_11,"SARASVATHY SD, 2001, ACAD MANAGE REV","READ S, 2009, J MARKETING",CAUSATION AND EFFECTUATION: TOWARD A THEORETICAL SHIFT FROM ECONOMIC INEVITABILITY TO ENTREPRENEURIAL CONTINGENCY,MARKETING UNDER UNCERTAINTY: THE LOGIC OF AN EFFECTUAL APPROACH,0.626559
root_09,root_10,"SARASVATHY SD, 2001, ACAD MANAGE REV","CARSON D, 1995, MARKETING AND ENTREPRENEURSHIP IN SMES - AN INNOVATIVE APPROACH",CAUSATION AND EFFECTUATION: TOWARD A THEORETICAL SHIFT FROM ECONOMIC INEVITABILITY TO ENTREPRENEURIAL CONTINGENCY,Marketing and entrepreneurship in SMEs : an innovative approach,0.618258
root_02,root_11,"COLLINSON E, 2001, MANAGEMENT DECISION","READ S, 2009, J MARKETING",ENTREPRENEURIAL MARKETING – A HISTORICAL PERSPECTIVE ON DEVELOPMENT AND PRACTICE,MARKETING UNDER UNCERTAINTY: THE LOGIC OF AN EFFECTUAL APPROACH,0.585232
root_15,root_18,"HILLS G, 2011, JOURNAL OF SMALL BUSINESS AND ENTREPRENEURSHIP","BECHERER RC, 2012, NEW ENGLAND JOURNAL OF ENTREPRENEURSHIP",ACADEMIC ROOTS: THE PAST AND PRESENT OF ENTREPRENEURIAL MARKETING,THE EFFECT OF ENTREPRENEURIAL MARKETING ON OUTCOME GOALS IN SMES,0.575863
root_04,root_17,"SHANE S, 2000, ACAD MANAGE REV","HANSEN DJ, 2010, J RES MARK ENTREP",THE PROMISE OF ENTREPRENEURSHIP AS A FIELD OF RESEARCH,THE MARKETING/ENTREPRENEURSHIP INTERFACE: A REPORT ON THE “CHARLESTON SUMMIT”,0.55598
root_04,root_19,"SHANE S, 2000, ACAD MANAGE REV","ALQAHTANI N, 2022, J STRATEG MARK",THE PROMISE OF ENTREPRENEURSHIP AS A FIELD OF RESEARCH,"ENTREPRENEURIAL MARKETING AND FIRM PERFORMANCE: SCALE DEVELOPMENT, VALIDATION, AND EMPIRICAL TEST",0.555831
root_12,root_19,"BJERKE B, 2002, ENTREPRENEURIAL MARK","ALQAHTANI N, 2022, J STRATEG MARK",Entrepreneurial Marketing: The Growth of Small Firms in the New Economic Era,"ENTREPRENEURIAL MARKETING AND FIRM PERFORMANCE: SCALE DEVELOPMENT, VALIDATION, AND EMPIRICAL TEST",0.543325
root_05,root_19,"MILLER D, 1983, MANAGE SCI","ALQAHTANI N, 2022, J STRATEG MARK",THE CORRELATES OF ENTREPRENEURSHIP IN THREE TYPES OF FIRMS,"ENTREPRENEURIAL MARKETING AND FIRM PERFORMANCE: SCALE DEVELOPMENT, VALIDATION, AND EMPIRICAL TEST",0.542251
root_15,root_19,"HILLS G, 2011, JOURNAL OF SMALL BUSINESS AND ENTREPRENEURSHIP","ALQAHTANI N, 2022, J STRATEG MARK",ACADEMIC ROOTS: THE PAST AND PRESENT OF ENTREPRENEURIAL MARKETING,"ENTREPRENEURIAL MARKETING AND FIRM PERFORMANCE: SCALE DEVELOPMENT, VALIDATION, AND EMPIRICAL TEST",0.529716
root_03,root_15,"STOKES D, 2000, J RES MARKETING ENTR","HILLS G, 2011, JOURNAL OF SMALL BUSINESS AND ENTREPRENEURSHIP",PUTTING ENTREPRENEURSHIP INTO MARKETING: THE PROCESSES OF ENTREPRENEURIAL MARKETING,ACADEMIC ROOTS: THE PAST AND PRESENT OF ENTREPRENEURIAL MARKETING,0.519552
root_08,root_17,"BARNEY J, 1991, J MANAGE","HANSEN DJ, 2010, J RES MARK ENTREP",FIRM RESOURCES AND SUSTAINED COMPETITIVE ADVANTAGE,THE MARKETING/ENTREPRENEURSHIP INTERFACE: A REPORT ON THE “CHARLESTON SUMMIT”,0.494976
root_02,root_15,"COLLINSON E, 2001, MANAGEMENT DECISION","HILLS G, 2011, JOURNAL OF SMALL BUSINESS AND ENTREPRENEURSHIP",ENTREPRENEURIAL MARKETING – A HISTORICAL PERSPECTIVE ON DEVELOPMENT AND PRACTICE,ACADEMIC ROOTS: THE PAST AND PRESENT OF ENTREPRENEURIAL MARKETING,0.492923
root_12,root_17,"BJERKE B, 2002, ENTREPRENEURIAL MARK","HANSEN DJ, 2010, J RES MARK ENTREP",Entrepreneurial Marketing: The Growth of Small Firms in the New Economic Era,THE MARKETING/ENTREPRENEURSHIP INTERFACE: A REPORT ON THE “CHARLESTON SUMMIT”,0.48301
root_05,root_11,"MILLER D, 1983, MANAGE SCI","READ S, 2009, J MARKETING",THE CORRELATES OF ENTREPRENEURSHIP IN THREE TYPES OF FIRMS,MARKETING UNDER UNCERTAINTY: THE LOGIC OF AN EFFECTUAL APPROACH,0.473535
root_10,root_19,"CARSON D, 1995, MARKETING AND ENTREPRENEURSHIP IN SMES - AN INNOVATIVE APPROACH","ALQAHTANI N, 2022, J STRATEG MARK",Marketing and entrepreneurship in SMEs : an innovative approach,"ENTREPRENEURIAL MARKETING AND FIRM PERFORMANCE: SCALE DEVELOPMENT, VALIDATION, AND EMPIRICAL TEST",0.468896
root_07,root_11,"LUMPKIN GT, 1996, ACAD MANAGE REV","READ S, 2009, J MARKETING",CLARIFYING THE ENTREPRENEURIAL ORIENTATION CONSTRUCT AND LINKING IT TO PERFORMANCE,MARKETING UNDER UNCERTAINTY: THE LOGIC OF AN EFFECTUAL APPROACH,0.446417
root_11,root_19,"READ S, 2009, J MARKETING","ALQAHTANI N, 2022, J STRATEG MARK",MARKETING UNDER UNCERTAINTY: THE LOGIC OF AN EFFECTUAL APPROACH,"ENTREPRENEURIAL MARKETING AND FIRM PERFORMANCE: SCALE DEVELOPMENT, VALIDATION, AND EMPIRICAL TEST",0.445897
root_01,root_15,"MORRIS MH, 2002, J MARKET THEORY PRAC","HILLS G, 2011, JOURNAL OF SMALL BUSINESS AND ENTREPRENEURSHIP",ENTREPRENEURIAL MARKETING: A CONSTRUCT FOR INTEGRATING EMERGING ENTREPRENEURSHIP AND MARKETING PERSPECTIVES,ACADEMIC ROOTS: THE PAST AND PRESENT OF ENTREPRENEURIAL MARKETING,0.444679
root_11,root_13,"READ S, 2009, J MARKETING","NARVER JC, 1990, J MARKETING",MARKETING UNDER UNCERTAINTY: THE LOGIC OF AN EFFECTUAL APPROACH,THE EFFECT OF A MARKET ORIENTATION ON BUSINESS PROFITABILITY,0.439276
root_09,root_15,"SARASVATHY SD, 2001, ACAD MANAGE REV","HILLS G, 2011, JOURNAL OF SMALL BUSINESS AND ENTREPRENEURSHIP",CAUSATION AND EFFECTUATION: TOWARD A THEORETICAL SHIFT FROM ECONOMIC INEVITABILITY TO ENTREPRENEURIAL CONTINGENCY,ACADEMIC ROOTS: THE PAST AND PRESENT OF ENTREPRENEURIAL MARKETING,0.438951
root_15,root_16,"HILLS G, 2011, JOURNAL OF SMALL BUSINESS AND ENTREPRENEURSHIP","GILMORE A, 2011, J RES MARK ENTREP",ACADEMIC ROOTS: THE PAST AND PRESENT OF ENTREPRENEURIAL MARKETING,ENTREPRENEURIAL AND SME MARKETING,0.432549
root_11,root_15,"READ S, 2009, J MARKETING","HILLS G, 2011, JOURNAL OF SMALL BUSINESS AND ENTREPRENEURSHIP",MARKETING UNDER UNCERTAINTY: THE LOGIC OF AN EFFECTUAL APPROACH,ACADEMIC ROOTS: THE PAST AND PRESENT OF ENTREPRENEURIAL MARKETING,0.40885
root_06,root_11,"MATSUNO K, 2002, J MARKETING","READ S, 2009, J MARKETING",THE EFFECTS OF ENTREPRENEURIAL PROCLIVITY AND MARKET ORIENTATION ON BUSINESS PERFORMANCE,MARKETING UNDER UNCERTAINTY: THE LOGIC OF AN EFFECTUAL APPROACH,0.392265
root_09,root_14,"SARASVATHY SD, 2001, ACAD MANAGE REV","KOHLI AK, 1990, J MARKETING",CAUSATION AND EFFECTUATION: TOWARD A THEORETICAL SHIFT FROM ECONOMIC INEVITABILITY TO ENTREPRENEURIAL CONTINGENCY,"MARKET ORIENTATION: THE CONSTRUCT, RESEARCH PROPOSITIONS, AND MANAGERIAL IMPLICATIONS",0.390579
root_14,root_16,"KOHLI AK, 1990, J MARKETING","GILMORE A, 2011, J RES MARK ENTREP","MARKET ORIENTATION: THE CONSTRUCT, RESEARCH PROPOSITIONS, AND MANAGERIAL IMPLICATIONS",ENTREPRENEURIAL AND SME MARKETING,0.389212
root_14,root_17,"KOHLI AK, 1990, J MARKETING","HANSEN DJ, 2010, J RES MARK ENTREP","MARKET ORIENTATION: THE CONSTRUCT, RESEARCH PROPOSITIONS, AND MANAGERIAL IMPLICATIONS",THE MARKETING/ENTREPRENEURSHIP INTERFACE: A REPORT ON THE “CHARLESTON SUMMIT”,0.387756
root_05,root_16,"MILLER D, 1983, MANAGE SCI","GILMORE A, 2011, J RES MARK ENTREP",THE CORRELATES OF ENTREPRENEURSHIP IN THREE TYPES OF FIRMS,ENTREPRENEURIAL AND SME MARKETING,0.385951
root_03,root_14,"STOKES D, 2000, J RES MARKETING ENTR","KOHLI AK, 1990, J MARKETING",PUTTING ENTREPRENEURSHIP INTO MARKETING: THE PROCESSES OF ENTREPRENEURIAL MARKETING,"MARKET ORIENTATION: THE CONSTRUCT, RESEARCH PROPOSITIONS, AND MANAGERIAL IMPLICATIONS",0.37382
root_17,root_19,"HANSEN DJ, 2010, J RES MARK ENTREP","ALQAHTANI N, 2022, J STRATEG MARK",THE MARKETING/ENTREPRENEURSHIP INTERFACE: A REPORT ON THE “CHARLESTON SUMMIT”,"ENTREPRENEURIAL MARKETING AND FIRM PERFORMANCE: SCALE DEVELOPMENT, VALIDATION, AND EMPIRICAL TEST",0.344885
root_08,root_18,"BARNEY J, 1991, J MANAGE","BECHERER RC, 2012, NEW ENGLAND JOURNAL OF ENTREPRENEURSHIP",FIRM RESOURCES AND SUSTAINED COMPETITIVE ADVANTAGE,THE EFFECT OF ENTREPRENEURIAL MARKETING ON OUTCOME GOALS IN SMES,0.344414
root_05,root_18,"MILLER D, 1983, MANAGE SCI","BECHERER RC, 2012, NEW ENGLAND JOURNAL OF ENTREPRENEURSHIP",THE CORRELATES OF ENTREPRENEURSHIP IN THREE TYPES OF FIRMS,THE EFFECT OF ENTREPRENEURIAL MARKETING ON OUTCOME GOALS IN SMES,0.338867
root_03,root_05,"STOKES D, 2000, J RES MARKETING ENTR","MILLER D, 1983, MANAGE SCI",PUTTING ENTREPRENEURSHIP INTO MARKETING: THE PROCESSES OF ENTREPRENEURIAL MARKETING,THE CORRELATES OF ENTREPRENEURSHIP IN THREE TYPES OF FIRMS,0.335613
root_01,root_14,"MORRIS MH, 2002, J MARKET THEORY PRAC","KOHLI AK, 1990, J MARKETING",ENTREPRENEURIAL MARKETING: A CONSTRUCT FOR INTEGRATING EMERGING ENTREPRENEURSHIP AND MARKETING PERSPECTIVES,"MARKET ORIENTATION: THE CONSTRUCT, RESEARCH PROPOSITIONS, AND MANAGERIAL IMPLICATIONS",0.323662
root_02,root_08,"COLLINSON E, 2001, MANAGEMENT DECISION","BARNEY J, 1991, J MANAGE",ENTREPRENEURIAL MARKETING – A HISTORICAL PERSPECTIVE ON DEVELOPMENT AND PRACTICE,FIRM RESOURCES AND SUSTAINED COMPETITIVE ADVANTAGE,0.308492
root_04,root_18,"SHANE S, 2000, ACAD MANAGE REV","BECHERER RC, 2012, NEW ENGLAND JOURNAL OF ENTREPRENEURSHIP",THE PROMISE OF ENTREPRENEURSHIP AS A FIELD OF RESEARCH,THE EFFECT OF ENTREPRENEURIAL MARKETING ON OUTCOME GOALS IN SMES,0.29738
root_14,root_18,"KOHLI AK, 1990, J MARKETING","BECHERER RC, 2012, NEW ENGLAND JOURNAL OF ENTREPRENEURSHIP","MARKET ORIENTATION: THE CONSTRUCT, RESEARCH PROPOSITIONS, AND MANAGERIAL IMPLICATIONS",THE EFFECT OF ENTREPRENEURIAL MARKETING ON OUTCOME GOALS IN SMES,0.29726
root_10,root_14,"CARSON D, 1995, MARKETING AND ENTREPRENEURSHIP IN SMES - AN INNOVATIVE APPROACH","KOHLI AK, 1990, J MARKETING",Marketing and entrepreneurship in SMEs : an innovative approach,"MARKET ORIENTATION: THE CONSTRUCT, RESEARCH PROPOSITIONS, AND MANAGERIAL IMPLICATIONS",0.295585
root_12,root_18,"BJERKE B, 2002, ENTREPRENEURIAL MARK","BECHERER RC, 2012, NEW ENGLAND JOURNAL OF ENTREPRENEURSHIP",Entrepreneurial Marketing: The Growth of Small Firms in the New Economic Era,THE EFFECT OF ENTREPRENEURIAL MARKETING ON OUTCOME GOALS IN SMES,0.273875
root_08,root_09,"BARNEY J, 1991, J MANAGE","SARASVATHY SD, 2001, ACAD MANAGE REV",FIRM RESOURCES AND SUSTAINED COMPETITIVE ADVANTAGE,CAUSATION AND EFFECTUATION: TOWARD A THEORETICAL SHIFT FROM ECONOMIC INEVITABILITY TO ENTREPRENEURIAL CONTINGENCY,0.273082
root_03,root_08,"STOKES D, 2000, J RES MARKETING ENTR","BARNEY J, 1991, J MANAGE",PUTTING ENTREPRENEURSHIP INTO MARKETING: THE PROCESSES OF ENTREPRENEURIAL MARKETING,FIRM RESOURCES AND SUSTAINED COMPETITIVE ADVANTAGE,0.272115
root_02,root_14,"COLLINSON E, 2001, MANAGEMENT DECISION","KOHLI AK, 1990, J MARKETING",ENTREPRENEURIAL MARKETING – A HISTORICAL PERSPECTIVE ON DEVELOPMENT AND PRACTICE,"MARKET ORIENTATION: THE CONSTRUCT, RESEARCH PROPOSITIONS, AND MANAGERIAL IMPLICATIONS",0.267287
root_09,root_19,"SARASVATHY SD, 2001, ACAD MANAGE REV","ALQAHTANI N, 2022, J STRATEG MARK",CAUSATION AND EFFECTUATION: TOWARD A THEORETICAL SHIFT FROM ECONOMIC INEVITABILITY TO ENTREPRENEURIAL CONTINGENCY,"ENTREPRENEURIAL MARKETING AND FIRM PERFORMANCE: SCALE DEVELOPMENT, VALIDATION, AND EMPIRICAL TEST",0.241838
root_03,root_04,"STOKES D, 2000, J RES MARKETING ENTR","SHANE S, 2000, ACAD MANAGE REV",PUTTING ENTREPRENEURSHIP INTO MARKETING: THE PROCESSES OF ENTREPRENEURIAL MARKETING,THE PROMISE OF ENTREPRENEURSHIP AS A FIELD OF RESEARCH,0.241746
root_05,root_14,"MILLER D, 1983, MANAGE SCI","KOHLI AK, 1990, J MARKETING",THE CORRELATES OF ENTREPRENEURSHIP IN THREE TYPES OF FIRMS,"MARKET ORIENTATION: THE CONSTRUCT, RESEARCH PROPOSITIONS, AND MANAGERIAL IMPLICATIONS",0.238647
root_04,root_11,"SHANE S, 2000, ACAD MANAGE REV","READ S, 2009, J MARKETING",THE PROMISE OF ENTREPRENEURSHIP AS A FIELD OF RESEARCH,MARKETING UNDER UNCERTAINTY: THE LOGIC OF AN EFFECTUAL APPROACH,0.228502
root_01,root_08,"MORRIS MH, 2002, J MARKET THEORY PRAC","BARNEY J, 1991, J MANAGE",ENTREPRENEURIAL MARKETING: A CONSTRUCT FOR INTEGRATING EMERGING ENTREPRENEURSHIP AND MARKETING PERSPECTIVES,FIRM RESOURCES AND SUSTAINED COMPETITIVE ADVANTAGE,0.218789
root_08,root_14,"BARNEY J, 1991, J MANAGE","KOHLI AK, 1990, J MARKETING",FIRM RESOURCES AND SUSTAINED COMPETITIVE ADVANTAGE,"MARKET ORIENTATION: THE CONSTRUCT, RESEARCH PROPOSITIONS, AND MANAGERIAL IMPLICATIONS",0.21784
root_07,root_09,"LUMPKIN GT, 1996, ACAD MANAGE REV","SARASVATHY SD, 2001, ACAD MANAGE REV",CLARIFYING THE ENTREPRENEURIAL ORIENTATION CONSTRUCT AND LINKING IT TO PERFORMANCE,CAUSATION AND EFFECTUATION: TOWARD A THEORETICAL SHIFT FROM ECONOMIC INEVITABILITY TO ENTREPRENEURIAL CONTINGENCY,0.214925
root_09,root_13,"SARASVATHY SD, 2001, ACAD MANAGE REV","NARVER JC, 1990, J MARKETING",CAUSATION AND EFFECTUATION: TOWARD A THEORETICAL SHIFT FROM ECONOMIC INEVITABILITY TO ENTREPRENEURIAL CONTINGENCY,THE EFFECT OF A MARKET ORIENTATION ON BUSINESS PROFITABILITY,0.210573
root_02,root_12,"COLLINSON E, 2001, MANAGEMENT DECISION","BJERKE B, 2002, ENTREPRENEURIAL MARK",ENTREPRENEURIAL MARKETING – A HISTORICAL PERSPECTIVE ON DEVELOPMENT AND PRACTICE,Entrepreneurial Marketing: The Growth of Small Firms in the New Economic Era,0.209435
root_02,root_04,"COLLINSON E, 2001, MANAGEMENT DECISION","SHANE S, 2000, ACAD MANAGE REV",ENTREPRENEURIAL MARKETING – A HISTORICAL PERSPECTIVE ON DEVELOPMENT AND PRACTICE,THE PROMISE OF ENTREPRENEURSHIP AS A FIELD OF RESEARCH,0.202857
root_03,root_12,"STOKES D, 2000, J RES MARKETING ENTR","BJERKE B, 2002, ENTREPRENEURIAL MARK",PUTTING ENTREPRENEURSHIP INTO MARKETING: THE PROCESSES OF ENTREPRENEURIAL MARKETING,Entrepreneurial Marketing: The Growth of Small Firms in the New Economic Era,0.202218
root_08,root_11,"BARNEY J, 1991, J MANAGE","READ S, 2009, J MARKETING",FIRM RESOURCES AND SUSTAINED COMPETITIVE ADVANTAGE,MARKETING UNDER UNCERTAINTY: THE LOGIC OF AN EFFECTUAL APPROACH,0.196109
root_06,root_09,"MATSUNO K, 2002, J MARKETING","SARASVATHY SD, 2001, ACAD MANAGE REV",THE EFFECTS OF ENTREPRENEURIAL PROCLIVITY AND MARKET ORIENTATION ON BUSINESS PERFORMANCE,CAUSATION AND EFFECTUATION: TOWARD A THEORETICAL SHIFT FROM ECONOMIC INEVITABILITY TO ENTREPRENEURIAL CONTINGENCY,0.195503
root_03,root_19,"STOKES D, 2000, J RES MARKETING ENTR","ALQAHTANI N, 2022, J STRATEG MARK",PUTTING ENTREPRENEURSHIP INTO MARKETING: THE PROCESSES OF ENTREPRENEURIAL MARKETING,"ENTREPRENEURIAL MARKETING AND FIRM PERFORMANCE: SCALE DEVELOPMENT, VALIDATION, AND EMPIRICAL TEST",0.193447
root_14,root_15,"KOHLI AK, 1990, J MARKETING","HILLS G, 2011, JOURNAL OF SMALL BUSINESS AND ENTREPRENEURSHIP","MARKET ORIENTATION: THE CONSTRUCT, RESEARCH PROPOSITIONS, AND MANAGERIAL IMPLICATIONS",ACADEMIC ROOTS: THE PAST AND PRESENT OF ENTREPRENEURIAL MARKETING,0.189387
root_04,root_16,"SHANE S, 2000, ACAD MANAGE REV","GILMORE A, 2011, J RES MARK ENTREP",THE PROMISE OF ENTREPRENEURSHIP AS A FIELD OF RESEARCH,ENTREPRENEURIAL AND SME MARKETING,0.186445
root_07,root_08,"LUMPKIN GT, 1996, ACAD MANAGE REV","BARNEY J, 1991, J MANAGE",CLARIFYING THE ENTREPRENEURIAL ORIENTATION CONSTRUCT AND LINKING IT TO PERFORMANCE,FIRM RESOURCES AND SUSTAINED COMPETITIVE ADVANTAGE,0.186297
root_01,root_05,"MORRIS MH, 2002, J MARKET THEORY PRAC","MILLER D, 1983, MANAGE SCI",ENTREPRENEURIAL MARKETING: A CONSTRUCT FOR INTEGRATING EMERGING ENTREPRENEURSHIP AND MARKETING PERSPECTIVES,THE CORRELATES OF ENTREPRENEURSHIP IN THREE TYPES OF FIRMS,0.184994
root_18,root_19,"BECHERER RC, 2012, NEW ENGLAND JOURNAL OF ENTREPRENEURSHIP","ALQAHTANI N, 2022, J STRATEG MARK",THE EFFECT OF ENTREPRENEURIAL MARKETING ON OUTCOME GOALS IN SMES,"ENTREPRENEURIAL MARKETING AND FIRM PERFORMANCE: SCALE DEVELOPMENT, VALIDATION, AND EMPIRICAL TEST",0.176369
root_08,root_13,"BARNEY J, 1991, J MANAGE","NARVER JC, 1990, J MARKETING",FIRM RESOURCES AND SUSTAINED COMPETITIVE ADVANTAGE,THE EFFECT OF A MARKET ORIENTATION ON BUSINESS PROFITABILITY,0.171759
root_02,root_05,"COLLINSON E, 2001, MANAGEMENT DECISION","MILLER D, 1983, MANAGE SCI",ENTREPRENEURIAL MARKETING – A HISTORICAL PERSPECTIVE ON DEVELOPMENT AND PRACTICE,THE CORRELATES OF ENTREPRENEURSHIP IN THREE TYPES OF FIRMS,0.164733
root_06,root_08,"MATSUNO K, 2002, J MARKETING","BARNEY J, 1991, J MANAGE",THE EFFECTS OF ENTREPRENEURIAL PROCLIVITY AND MARKET ORIENTATION ON BUSINESS PERFORMANCE,FIRM RESOURCES AND SUSTAINED COMPETITIVE ADVANTAGE,0.164709
root_02,root_19,"COLLINSON E, 2001, MANAGEMENT DECISION","ALQAHTANI N, 2022, J STRATEG MARK",ENTREPRENEURIAL MARKETING – A HISTORICAL PERSPECTIVE ON DEVELOPMENT AND PRACTICE,"ENTREPRENEURIAL MARKETING AND FIRM PERFORMANCE: SCALE DEVELOPMENT, VALIDATION, AND EMPIRICAL TEST",0.156511
root_09,root_12,"SARASVATHY SD, 2001, ACAD MANAGE REV","BJERKE B, 2002, ENTREPRENEURIAL MARK",CAUSATION AND EFFECTUATION: TOWARD A THEORETICAL SHIFT FROM ECONOMIC INEVITABILITY TO ENTREPRENEURIAL CONTINGENCY,Entrepreneurial Marketing: The Growth of Small Firms in the New Economic Era,0.152912
root_08,root_16,"BARNEY J, 1991, J MANAGE","GILMORE A, 2011, J RES MARK ENTREP",FIRM RESOURCES AND SUSTAINED COMPETITIVE ADVANTAGE,ENTREPRENEURIAL AND SME MARKETING,0.148555
root_04,root_09,"SHANE S, 2000, ACAD MANAGE REV","SARASVATHY SD, 2001, ACAD MANAGE REV",THE PROMISE OF ENTREPRENEURSHIP AS A FIELD OF RESEARCH,CAUSATION AND EFFECTUATION: TOWARD A THEORETICAL SHIFT FROM ECONOMIC INEVITABILITY TO ENTREPRENEURIAL CONTINGENCY,0.148109
root_01,root_04,"MORRIS MH, 2002, J MARKET THEORY PRAC","SHANE S, 2000, ACAD MANAGE REV",ENTREPRENEURIAL MARKETING: A CONSTRUCT FOR INTEGRATING EMERGING ENTREPRENEURSHIP AND MARKETING PERSPECTIVES,THE PROMISE OF ENTREPRENEURSHIP AS A FIELD OF RESEARCH,0.147367
root_16,root_19,"GILMORE A, 2011, J RES MARK ENTREP","ALQAHTANI N, 2022, J STRATEG MARK",ENTREPRENEURIAL AND SME MARKETING,"ENTREPRENEURIAL MARKETING AND FIRM PERFORMANCE: SCALE DEVELOPMENT, VALIDATION, AND EMPIRICAL TEST",0.141387
root_11,root_12,"READ S, 2009, J MARKETING","BJERKE B, 2002, ENTREPRENEURIAL MARK",MARKETING UNDER UNCERTAINTY: THE LOGIC OF AN EFFECTUAL APPROACH,Entrepreneurial Marketing: The Growth of Small Firms in the New Economic Era,0.138156
root_01,root_19,"MORRIS MH, 2002, J MARKET THEORY PRAC","ALQAHTANI N, 2022, J STRATEG MARK",ENTREPRENEURIAL MARKETING: A CONSTRUCT FOR INTEGRATING EMERGING ENTREPRENEURSHIP AND MARKETING PERSPECTIVES,"ENTREPRENEURIAL MARKETING AND FIRM PERFORMANCE: SCALE DEVELOPMENT, VALIDATION, AND EMPIRICAL TEST",0.135501
root_01,root_12,"MORRIS MH, 2002, J MARKET THEORY PRAC","BJERKE B, 2002, ENTREPRENEURIAL MARK",ENTREPRENEURIAL MARKETING: A CONSTRUCT FOR INTEGRATING EMERGING ENTREPRENEURSHIP AND MARKETING PERSPECTIVES,Entrepreneurial Marketing: The Growth of Small Firms in the New Economic Era,0.129947
root_04,root_14,"SHANE S, 2000, ACAD MANAGE REV","KOHLI AK, 1990, J MARKETING",THE PROMISE OF ENTREPRENEURSHIP AS A FIELD OF RESEARCH,"MARKET ORIENTATION: THE CONSTRUCT, RESEARCH PROPOSITIONS, AND MANAGERIAL IMPLICATIONS",0.122549
root_05,root_09,"MILLER D, 1983, MANAGE SCI","SARASVATHY SD, 2001, ACAD MANAGE REV",THE CORRELATES OF ENTREPRENEURSHIP IN THREE TYPES OF FIRMS,CAUSATION AND EFFECTUATION: TOWARD A THEORETICAL SHIFT FROM ECONOMIC INEVITABILITY TO ENTREPRENEURIAL CONTINGENCY,0.120519
root_03,root_07,"STOKES D, 2000, J RES MARKETING ENTR","LUMPKIN GT, 1996, ACAD MANAGE REV",PUTTING ENTREPRENEURSHIP INTO MARKETING: THE PROCESSES OF ENTREPRENEURIAL MARKETING,CLARIFYING THE ENTREPRENEURIAL ORIENTATION CONSTRUCT AND LINKING IT TO PERFORMANCE,0.120018
root_07,root_17,"LUMPKIN GT, 1996, ACAD MANAGE REV","HANSEN DJ, 2010, J RES MARK ENTREP",CLARIFYING THE ENTREPRENEURIAL ORIENTATION CONSTRUCT AND LINKING IT TO PERFORMANCE,THE MARKETING/ENTREPRENEURSHIP INTERFACE: A REPORT ON THE “CHARLESTON SUMMIT”,0.119391
root_03,root_13,"STOKES D, 2000, J RES MARKETING ENTR","NARVER JC, 1990, J MARKETING",PUTTING ENTREPRENEURSHIP INTO MARKETING: THE PROCESSES OF ENTREPRENEURIAL MARKETING,THE EFFECT OF A MARKET ORIENTATION ON BUSINESS PROFITABILITY,0.112877
root_12,root_16,"BJERKE B, 2002, ENTREPRENEURIAL MARK","GILMORE A, 2011, J RES MARK ENTREP",Entrepreneurial Marketing: The Growth of Small Firms in the New Economic Era,ENTREPRENEURIAL AND SME MARKETING,0.112728
root_13,root_17,"NARVER JC, 1990, J MARKETING","HANSEN DJ, 2010, J RES MARK ENTREP",THE EFFECT OF A MARKET ORIENTATION ON BUSINESS PROFITABILITY,THE MARKETING/ENTREPRENEURSHIP INTERFACE: A REPORT ON THE “CHARLESTON SUMMIT”,0.107131
root_05,root_07,"MILLER D, 1983, MANAGE SCI","LUMPKIN GT, 1996, ACAD MANAGE REV",THE CORRELATES OF ENTREPRENEURSHIP IN THREE TYPES OF FIRMS,CLARIFYING THE ENTREPRENEURIAL ORIENTATION CONSTRUCT AND LINKING IT TO PERFORMANCE,0.105984
root_07,root_16,"LUMPKIN GT, 1996, ACAD MANAGE REV","GILMORE A, 2011, J RES MARK ENTREP",CLARIFYING THE ENTREPRENEURIAL ORIENTATION CONSTRUCT AND LINKING IT TO PERFORMANCE,ENTREPRENEURIAL AND SME MARKETING,0.105059
root_01,root_07,"MORRIS MH, 2002, J MARKET THEORY PRAC","LUMPKIN GT, 1996, ACAD MANAGE REV",ENTREPRENEURIAL MARKETING: A CONSTRUCT FOR INTEGRATING EMERGING ENTREPRENEURSHIP AND MARKETING PERSPECTIVES,CLARIFYING THE ENTREPRENEURIAL ORIENTATION CONSTRUCT AND LINKING IT TO PERFORMANCE,0.099094
root_13,root_16,"NARVER JC, 1990, J MARKETING","GILMORE A, 2011, J RES MARK ENTREP",THE EFFECT OF A MARKET ORIENTATION ON BUSINESS PROFITABILITY,ENTREPRENEURIAL AND SME MARKETING,0.09806
root_01,root_13,"MORRIS MH, 2002, J MARKET THEORY PRAC","NARVER JC, 1990, J MARKETING",ENTREPRENEURIAL MARKETING: A CONSTRUCT FOR INTEGRATING EMERGING ENTREPRENEURSHIP AND MARKETING PERSPECTIVES,THE EFFECT OF A MARKET ORIENTATION ON BUSINESS PROFITABILITY,0.093904
root_07,root_10,"LUMPKIN GT, 1996, ACAD MANAGE REV","CARSON D, 1995, MARKETING AND ENTREPRENEURSHIP IN SMES - AN INNOVATIVE APPROACH",CLARIFYING THE ENTREPRENEURIAL ORIENTATION CONSTRUCT AND LINKING IT TO PERFORMANCE,Marketing and entrepreneurship in SMEs : an innovative approach,0.090936
root_05,root_13,"MILLER D, 1983, MANAGE SCI","NARVER JC, 1990, J MARKETING",THE CORRELATES OF ENTREPRENEURSHIP IN THREE TYPES OF FIRMS,THE EFFECT OF A MARKET ORIENTATION ON BUSINESS PROFITABILITY,0.09009
root_12,root_14,"BJERKE B, 2002, ENTREPRENEURIAL MARK","KOHLI AK, 1990, J MARKETING",Entrepreneurial Marketing: The Growth of Small Firms in the New Economic Era,"MARKET ORIENTATION: THE CONSTRUCT, RESEARCH PROPOSITIONS, AND MANAGERIAL IMPLICATIONS",0.079699
root_02,root_07,"COLLINSON E, 2001, MANAGEMENT DECISION","LUMPKIN GT, 1996, ACAD MANAGE REV",ENTREPRENEURIAL MARKETING – A HISTORICAL PERSPECTIVE ON DEVELOPMENT AND PRACTICE,CLARIFYING THE ENTREPRENEURIAL ORIENTATION CONSTRUCT AND LINKING IT TO PERFORMANCE,0.079122
root_03,root_06,"STOKES D, 2000, J RES MARKETING ENTR","MATSUNO K, 2002, J MARKETING",PUTTING ENTREPRENEURSHIP INTO MARKETING: THE PROCESSES OF ENTREPRENEURIAL MARKETING,THE EFFECTS OF ENTREPRENEURIAL PROCLIVITY AND MARKET ORIENTATION ON BUSINESS PERFORMANCE,0.078654
root_10,root_13,"CARSON D, 1995, MARKETING AND ENTREPRENEURSHIP IN SMES - AN INNOVATIVE APPROACH","NARVER JC, 1990, J MARKETING",Marketing and entrepreneurship in SMEs : an innovative approach,THE EFFECT OF A MARKET ORIENTATION ON BUSINESS PROFITABILITY,0.075949
root_02,root_13,"COLLINSON E, 2001, MANAGEMENT DECISION","NARVER JC, 1990, J MARKETING",ENTREPRENEURIAL MARKETING – A HISTORICAL PERSPECTIVE ON DEVELOPMENT AND PRACTICE,THE EFFECT OF A MARKET ORIENTATION ON BUSINESS PROFITABILITY,0.073772
root_01,root_06,"MORRIS MH, 2002, J MARKET THEORY PRAC","MATSUNO K, 2002, J MARKETING",ENTREPRENEURIAL MARKETING: A CONSTRUCT FOR INTEGRATING EMERGING ENTREPRENEURSHIP AND MARKETING PERSPECTIVES,THE EFFECTS OF ENTREPRENEURIAL PROCLIVITY AND MARKET ORIENTATION ON BUSINESS PERFORMANCE,0.068862
root_07,root_15,"LUMPKIN GT, 1996, ACAD MANAGE REV","HILLS G, 2011, JOURNAL OF SMALL BUSINESS AND ENTREPRENEURSHIP",CLARIFYING THE ENTREPRENEURIAL ORIENTATION CONSTRUCT AND LINKING IT TO PERFORMANCE,ACADEMIC ROOTS: THE PAST AND PRESENT OF ENTREPRENEURIAL MARKETING,0.063921
root_06,root_17,"MATSUNO K, 2002, J MARKETING","HANSEN DJ, 2010, J RES MARK ENTREP",THE EFFECTS OF ENTREPRENEURIAL PROCLIVITY AND MARKET ORIENTATION ON BUSINESS PERFORMANCE,THE MARKETING/ENTREPRENEURSHIP INTERFACE: A REPORT ON THE “CHARLESTON SUMMIT”,0.060085
root_07,root_18,"LUMPKIN GT, 1996, ACAD MANAGE REV","BECHERER RC, 2012, NEW ENGLAND JOURNAL OF ENTREPRENEURSHIP",CLARIFYING THE ENTREPRENEURIAL ORIENTATION CONSTRUCT AND LINKING IT TO PERFORMANCE,THE EFFECT OF ENTREPRENEURIAL MARKETING ON OUTCOME GOALS IN SMES,0.058669
root_04,root_07,"SHANE S, 2000, ACAD MANAGE REV","LUMPKIN GT, 1996, ACAD MANAGE REV",THE PROMISE OF ENTREPRENEURSHIP AS A FIELD OF RESEARCH,CLARIFYING THE ENTREPRENEURIAL ORIENTATION CONSTRUCT AND LINKING IT TO PERFORMANCE,0.058446
root_02,root_06,"COLLINSON E, 2001, MANAGEMENT DECISION","MATSUNO K, 2002, J MARKETING",ENTREPRENEURIAL MARKETING – A HISTORICAL PERSPECTIVE ON DEVELOPMENT AND PRACTICE,THE EFFECTS OF ENTREPRENEURIAL PROCLIVITY AND MARKET ORIENTATION ON BUSINESS PERFORMANCE,0.057731
root_05,root_06,"MILLER D, 1983, MANAGE SCI","MATSUNO K, 2002, J MARKETING",THE CORRELATES OF ENTREPRENEURSHIP IN THREE TYPES OF FIRMS,THE EFFECTS OF ENTREPRENEURIAL PROCLIVITY AND MARKET ORIENTATION ON BUSINESS PERFORMANCE,0.056617
root_06,root_16,"MATSUNO K, 2002, J MARKETING","GILMORE A, 2011, J RES MARK ENTREP",THE EFFECTS OF ENTREPRENEURIAL PROCLIVITY AND MARKET ORIENTATION ON BUSINESS PERFORMANCE,ENTREPRENEURIAL AND SME MARKETING,0.052665
root_13,root_18,"NARVER JC, 1990, J MARKETING","BECHERER RC, 2012, NEW ENGLAND JOURNAL OF ENTREPRENEURSHIP",THE EFFECT OF A MARKET ORIENTATION ON BUSINESS PROFITABILITY,THE EFFECT OF ENTREPRENEURIAL MARKETING ON OUTCOME GOALS IN SMES,0.051014
root_13,root_15,"NARVER JC, 1990, J MARKETING","HILLS G, 2011, JOURNAL OF SMALL BUSINESS AND ENTREPRENEURSHIP",THE EFFECT OF A MARKET ORIENTATION ON BUSINESS PROFITABILITY,ACADEMIC ROOTS: THE PAST AND PRESENT OF ENTREPRENEURIAL MARKETING,0.048156
root_04,root_13,"SHANE S, 2000, ACAD MANAGE REV","NARVER JC, 1990, J MARKETING",THE PROMISE OF ENTREPRENEURSHIP AS A FIELD OF RESEARCH,THE EFFECT OF A MARKET ORIENTATION ON BUSINESS PROFITABILITY,0.042759
root_06,root_10,"MATSUNO K, 2002, J MARKETING","CARSON D, 1995, MARKETING AND ENTREPRENEURSHIP IN SMES - AN INNOVATIVE APPROACH",THE EFFECTS OF ENTREPRENEURIAL PROCLIVITY AND MARKET ORIENTATION ON BUSINESS PERFORMANCE,Marketing and entrepreneurship in SMEs : an innovative approach,0.041722
root_07,root_12,"LUMPKIN GT, 1996, ACAD MANAGE REV","BJERKE B, 2002, ENTREPRENEURIAL MARK",CLARIFYING THE ENTREPRENEURIAL ORIENTATION CONSTRUCT AND LINKING IT TO PERFORMANCE,Entrepreneurial Marketing: The Growth of Small Firms in the New Economic Era,0.040974
root_06,root_15,"MATSUNO K, 2002, J MARKETING","HILLS G, 2011, JOURNAL OF SMALL BUSINESS AND ENTREPRENEURSHIP",THE EFFECTS OF ENTREPRENEURIAL PROCLIVITY AND MARKET ORIENTATION ON BUSINESS PERFORMANCE,ACADEMIC ROOTS: THE PAST AND PRESENT OF ENTREPRENEURIAL MARKETING,0.026712
root_04,root_06,"SHANE S, 2000, ACAD MANAGE REV","MATSUNO K, 2002, J MARKETING",THE PROMISE OF ENTREPRENEURSHIP AS A FIELD OF RESEARCH,THE EFFECTS OF ENTREPRENEURIAL PROCLIVITY AND MARKET ORIENTATION ON BUSINESS PERFORMANCE,0.026584
root_12,root_13,"BJERKE B, 2002, ENTREPRENEURIAL MARK","NARVER JC, 1990, J MARKETING",Entrepreneurial Marketing: The Growth of Small Firms in the New Economic Era,THE EFFECT OF A MARKET ORIENTATION ON BUSINESS PROFITABILITY,0.025853
root_06,root_18,"MATSUNO K, 2002, J MARKETING","BECHERER RC, 2012, NEW ENGLAND JOURNAL OF ENTREPRENEURSHIP",THE EFFECTS OF ENTREPRENEURIAL PROCLIVITY AND MARKET ORIENTATION ON BUSINESS PERFORMANCE,THE EFFECT OF ENTREPRENEURIAL MARKETING ON OUTCOME GOALS IN SMES,0.021901
root_06,root_12,"MATSUNO K, 2002, J MARKETING","BJERKE B, 2002, ENTREPRENEURIAL MARK",THE EFFECTS OF ENTREPRENEURIAL PROCLIVITY AND MARKET ORIENTATION ON BUSINESS PERFORMANCE,Entrepreneurial Marketing: The Growth of Small Firms in the New Economic Era,0.016073
