source_root_id,target_root_id,source_node_id,target_node_id,source_title,target_title,source_citer_count,target_citer_count,shared_citer_count,co_citation_cosine,co_citation_jaccard
root_01,root_02,"MORRIS MH, 2002, J MARKET THEORY PRAC","COLLINSON E, 2001, MANAGEMENT DECISION",ENTREPRENEURIAL MARKETING: A CONSTRUCT FOR INTEGRATING EMERGING ENTREPRENEURSHIP AND MARKETING PERSPECTIVES,ENTREPRENEURIAL MARKETING – A HISTORICAL PERSPECTIVE ON DEVELOPMENT AND PRACTICE,226,84,76,0.551594,0.324786
root_01,root_03,"MORRIS MH, 2002, J MARKET THEORY PRAC","STOKES D, 2000, J RES MARKETING ENTR",ENTREPRENEURIAL MARKETING: A CONSTRUCT FOR INTEGRATING EMERGING ENTREPRENEURSHIP AND MARKETING PERSPECTIVES,PUTTING ENTREPRENEURSHIP INTO MARKETING: THE PROCESSES OF ENTREPRENEURIAL MARKETING,226,89,78,0.549978,0.329114
root_09,root_11,"SARASVATHY SD, 2001, ACAD MANAGE REV","READ S, 2009, J MARKETING",CAUSATION AND EFFECTUATION: TOWARD A THEORETICAL SHIFT FROM ECONOMIC INEVITABILITY TO ENTREPRENEURIAL CONTINGENCY,MARKETING UNDER UNCERTAINTY: THE LOGIC OF AN EFFECTUAL APPROACH,50,25,19,0.537401,0.339286
root_13,root_14,"NARVER JC, 1990, J MARKETING","KOHLI AK, 1990, J MARKETING",THE EFFECT OF A MARKET ORIENTATION ON BUSINESS PROFITABILITY,"MARKET ORIENTATION: THE CONSTRUCT, RESEARCH PROPOSITIONS, AND MANAGERIAL IMPLICATIONS",53,27,19,0.502266,0.311475
root_01,root_13,"MORRIS MH, 2002, J MARKET THEORY PRAC","NARVER JC, 1990, J MARKETING",ENTREPRENEURIAL MARKETING: A CONSTRUCT FOR INTEGRATING EMERGING ENTREPRENEURSHIP AND MARKETING PERSPECTIVES,THE EFFECT OF A MARKET ORIENTATION ON BUSINESS PROFITABILITY,226,53,51,0.465992,0.223684
root_07,root_08,"LUMPKIN GT, 1996, ACAD MANAGE REV","BARNEY J, 1991, J MANAGE",CLARIFYING THE ENTREPRENEURIAL ORIENTATION CONSTRUCT AND LINKING IT TO PERFORMANCE,FIRM RESOURCES AND SUSTAINED COMPETITIVE ADVANTAGE,47,53,23,0.46083,0.298701
root_07,root_13,"LUMPKIN GT, 1996, ACAD MANAGE REV","NARVER JC, 1990, J MARKETING",CLARIFYING THE ENTREPRENEURIAL ORIENTATION CONSTRUCT AND LINKING IT TO PERFORMANCE,THE EFFECT OF A MARKET ORIENTATION ON BUSINESS PROFITABILITY,47,53,23,0.46083,0.298701
root_05,root_13,"MILLER D, 1983, MANAGE SCI","NARVER JC, 1990, J MARKETING",THE CORRELATES OF ENTREPRENEURSHIP IN THREE TYPES OF FIRMS,THE EFFECT OF A MARKET ORIENTATION ON BUSINESS PROFITABILITY,26,53,17,0.457957,0.274194
root_02,root_03,"COLLINSON E, 2001, MANAGEMENT DECISION","STOKES D, 2000, J RES MARKETING ENTR",ENTREPRENEURIAL MARKETING – A HISTORICAL PERSPECTIVE ON DEVELOPMENT AND PRACTICE,PUTTING ENTREPRENEURSHIP INTO MARKETING: THE PROCESSES OF ENTREPRENEURIAL MARKETING,84,89,39,0.451055,0.291045
root_10,root_12,"CARSON D, 1995, MARKETING AND ENTREPRENEURSHIP IN SMES - AN INNOVATIVE APPROACH","BJERKE B, 2002, ENTREPRENEURIAL MARK",Marketing and entrepreneurship in SMEs : an innovative approach,Entrepreneurial Marketing: The Growth of Small Firms in the New Economic Era,26,43,15,0.448611,0.277778
root_05,root_06,"MILLER D, 1983, MANAGE SCI","MATSUNO K, 2002, J MARKETING",THE CORRELATES OF ENTREPRENEURSHIP IN THREE TYPES OF FIRMS,THE EFFECTS OF ENTREPRENEURIAL PROCLIVITY AND MARKET ORIENTATION ON BUSINESS PERFORMANCE,26,24,11,0.440352,0.282051
root_01,root_08,"MORRIS MH, 2002, J MARKET THEORY PRAC","BARNEY J, 1991, J MANAGE",ENTREPRENEURIAL MARKETING: A CONSTRUCT FOR INTEGRATING EMERGING ENTREPRENEURSHIP AND MARKETING PERSPECTIVES,FIRM RESOURCES AND SUSTAINED COMPETITIVE ADVANTAGE,226,53,48,0.43858,0.207792
root_05,root_07,"MILLER D, 1983, MANAGE SCI","LUMPKIN GT, 1996, ACAD MANAGE REV",THE CORRELATES OF ENTREPRENEURSHIP IN THREE TYPES OF FIRMS,CLARIFYING THE ENTREPRENEURIAL ORIENTATION CONSTRUCT AND LINKING IT TO PERFORMANCE,26,47,15,0.429097,0.258621
root_06,root_13,"MATSUNO K, 2002, J MARKETING","NARVER JC, 1990, J MARKETING",THE EFFECTS OF ENTREPRENEURIAL PROCLIVITY AND MARKET ORIENTATION ON BUSINESS PERFORMANCE,THE EFFECT OF A MARKET ORIENTATION ON BUSINESS PROFITABILITY,24,53,15,0.420579,0.241935
root_15,root_18,"HILLS G, 2011, JOURNAL OF SMALL BUSINESS AND ENTREPRENEURSHIP","BECHERER RC, 2012, NEW ENGLAND JOURNAL OF ENTREPRENEURSHIP",ACADEMIC ROOTS: THE PAST AND PRESENT OF ENTREPRENEURIAL MARKETING,THE EFFECT OF ENTREPRENEURIAL MARKETING ON OUTCOME GOALS IN SMES,41,33,15,0.407795,0.254237
root_02,root_12,"COLLINSON E, 2001, MANAGEMENT DECISION","BJERKE B, 2002, ENTREPRENEURIAL MARK",ENTREPRENEURIAL MARKETING – A HISTORICAL PERSPECTIVE ON DEVELOPMENT AND PRACTICE,Entrepreneurial Marketing: The Growth of Small Firms in the New Economic Era,84,43,24,0.399335,0.23301
root_01,root_07,"MORRIS MH, 2002, J MARKET THEORY PRAC","LUMPKIN GT, 1996, ACAD MANAGE REV",ENTREPRENEURIAL MARKETING: A CONSTRUCT FOR INTEGRATING EMERGING ENTREPRENEURSHIP AND MARKETING PERSPECTIVES,CLARIFYING THE ENTREPRENEURIAL ORIENTATION CONSTRUCT AND LINKING IT TO PERFORMANCE,226,47,41,0.397815,0.176724
root_01,root_09,"MORRIS MH, 2002, J MARKET THEORY PRAC","SARASVATHY SD, 2001, ACAD MANAGE REV",ENTREPRENEURIAL MARKETING: A CONSTRUCT FOR INTEGRATING EMERGING ENTREPRENEURSHIP AND MARKETING PERSPECTIVES,CAUSATION AND EFFECTUATION: TOWARD A THEORETICAL SHIFT FROM ECONOMIC INEVITABILITY TO ENTREPRENEURIAL CONTINGENCY,226,50,42,0.395103,0.179487
root_01,root_15,"MORRIS MH, 2002, J MARKET THEORY PRAC","HILLS G, 2011, JOURNAL OF SMALL BUSINESS AND ENTREPRENEURSHIP",ENTREPRENEURIAL MARKETING: A CONSTRUCT FOR INTEGRATING EMERGING ENTREPRENEURSHIP AND MARKETING PERSPECTIVES,ACADEMIC ROOTS: THE PAST AND PRESENT OF ENTREPRENEURIAL MARKETING,226,41,38,0.394764,0.165939
root_06,root_07,"MATSUNO K, 2002, J MARKETING","LUMPKIN GT, 1996, ACAD MANAGE REV",THE EFFECTS OF ENTREPRENEURIAL PROCLIVITY AND MARKET ORIENTATION ON BUSINESS PERFORMANCE,CLARIFYING THE ENTREPRENEURIAL ORIENTATION CONSTRUCT AND LINKING IT TO PERFORMANCE,24,47,13,0.387069,0.224138
root_01,root_12,"MORRIS MH, 2002, J MARKET THEORY PRAC","BJERKE B, 2002, ENTREPRENEURIAL MARK",ENTREPRENEURIAL MARKETING: A CONSTRUCT FOR INTEGRATING EMERGING ENTREPRENEURSHIP AND MARKETING PERSPECTIVES,Entrepreneurial Marketing: The Growth of Small Firms in the New Economic Era,226,43,38,0.385474,0.164502
root_02,root_04,"COLLINSON E, 2001, MANAGEMENT DECISION","SHANE S, 2000, ACAD MANAGE REV",ENTREPRENEURIAL MARKETING – A HISTORICAL PERSPECTIVE ON DEVELOPMENT AND PRACTICE,THE PROMISE OF ENTREPRENEURSHIP AS A FIELD OF RESEARCH,84,25,17,0.37097,0.184783
root_01,root_18,"MORRIS MH, 2002, J MARKET THEORY PRAC","BECHERER RC, 2012, NEW ENGLAND JOURNAL OF ENTREPRENEURSHIP",ENTREPRENEURIAL MARKETING: A CONSTRUCT FOR INTEGRATING EMERGING ENTREPRENEURSHIP AND MARKETING PERSPECTIVES,THE EFFECT OF ENTREPRENEURIAL MARKETING ON OUTCOME GOALS IN SMES,226,33,32,0.370543,0.140969
root_05,root_14,"MILLER D, 1983, MANAGE SCI","KOHLI AK, 1990, J MARKETING",THE CORRELATES OF ENTREPRENEURSHIP IN THREE TYPES OF FIRMS,"MARKET ORIENTATION: THE CONSTRUCT, RESEARCH PROPOSITIONS, AND MANAGERIAL IMPLICATIONS",26,27,9,0.339683,0.204545
root_08,root_13,"BARNEY J, 1991, J MANAGE","NARVER JC, 1990, J MARKETING",FIRM RESOURCES AND SUSTAINED COMPETITIVE ADVANTAGE,THE EFFECT OF A MARKET ORIENTATION ON BUSINESS PROFITABILITY,53,53,18,0.339623,0.204545
root_01,root_05,"MORRIS MH, 2002, J MARKET THEORY PRAC","MILLER D, 1983, MANAGE SCI",ENTREPRENEURIAL MARKETING: A CONSTRUCT FOR INTEGRATING EMERGING ENTREPRENEURSHIP AND MARKETING PERSPECTIVES,THE CORRELATES OF ENTREPRENEURSHIP IN THREE TYPES OF FIRMS,226,26,26,0.339182,0.115044
root_12,root_15,"BJERKE B, 2002, ENTREPRENEURIAL MARK","HILLS G, 2011, JOURNAL OF SMALL BUSINESS AND ENTREPRENEURSHIP",Entrepreneurial Marketing: The Growth of Small Firms in the New Economic Era,ACADEMIC ROOTS: THE PAST AND PRESENT OF ENTREPRENEURIAL MARKETING,43,41,14,0.333428,0.2
root_12,root_14,"BJERKE B, 2002, ENTREPRENEURIAL MARK","KOHLI AK, 1990, J MARKETING",Entrepreneurial Marketing: The Growth of Small Firms in the New Economic Era,"MARKET ORIENTATION: THE CONSTRUCT, RESEARCH PROPOSITIONS, AND MANAGERIAL IMPLICATIONS",43,27,11,0.322832,0.186441
root_01,root_14,"MORRIS MH, 2002, J MARKET THEORY PRAC","KOHLI AK, 1990, J MARKETING",ENTREPRENEURIAL MARKETING: A CONSTRUCT FOR INTEGRATING EMERGING ENTREPRENEURSHIP AND MARKETING PERSPECTIVES,"MARKET ORIENTATION: THE CONSTRUCT, RESEARCH PROPOSITIONS, AND MANAGERIAL IMPLICATIONS",226,27,25,0.32004,0.109649
root_01,root_04,"MORRIS MH, 2002, J MARKET THEORY PRAC","SHANE S, 2000, ACAD MANAGE REV",ENTREPRENEURIAL MARKETING: A CONSTRUCT FOR INTEGRATING EMERGING ENTREPRENEURSHIP AND MARKETING PERSPECTIVES,THE PROMISE OF ENTREPRENEURSHIP AS A FIELD OF RESEARCH,226,25,24,0.319291,0.105727
root_15,root_17,"HILLS G, 2011, JOURNAL OF SMALL BUSINESS AND ENTREPRENEURSHIP","HANSEN DJ, 2010, J RES MARK ENTREP",ACADEMIC ROOTS: THE PAST AND PRESENT OF ENTREPRENEURIAL MARKETING,THE MARKETING/ENTREPRENEURSHIP INTERFACE: A REPORT ON THE “CHARLESTON SUMMIT”,41,24,10,0.318788,0.181818
root_01,root_16,"MORRIS MH, 2002, J MARKET THEORY PRAC","GILMORE A, 2011, J RES MARK ENTREP",ENTREPRENEURIAL MARKETING: A CONSTRUCT FOR INTEGRATING EMERGING ENTREPRENEURSHIP AND MARKETING PERSPECTIVES,ENTREPRENEURIAL AND SME MARKETING,226,32,27,0.317493,0.116883
root_03,root_09,"STOKES D, 2000, J RES MARKETING ENTR","SARASVATHY SD, 2001, ACAD MANAGE REV",PUTTING ENTREPRENEURSHIP INTO MARKETING: THE PROCESSES OF ENTREPRENEURIAL MARKETING,CAUSATION AND EFFECTUATION: TOWARD A THEORETICAL SHIFT FROM ECONOMIC INEVITABILITY TO ENTREPRENEURIAL CONTINGENCY,89,50,21,0.314803,0.177966
root_06,root_14,"MATSUNO K, 2002, J MARKETING","KOHLI AK, 1990, J MARKETING",THE EFFECTS OF ENTREPRENEURIAL PROCLIVITY AND MARKET ORIENTATION ON BUSINESS PERFORMANCE,"MARKET ORIENTATION: THE CONSTRUCT, RESEARCH PROPOSITIONS, AND MANAGERIAL IMPLICATIONS",24,27,8,0.31427,0.186047
root_07,root_16,"LUMPKIN GT, 1996, ACAD MANAGE REV","GILMORE A, 2011, J RES MARK ENTREP",CLARIFYING THE ENTREPRENEURIAL ORIENTATION CONSTRUCT AND LINKING IT TO PERFORMANCE,ENTREPRENEURIAL AND SME MARKETING,47,32,12,0.309426,0.179104
root_07,root_14,"LUMPKIN GT, 1996, ACAD MANAGE REV","KOHLI AK, 1990, J MARKETING",CLARIFYING THE ENTREPRENEURIAL ORIENTATION CONSTRUCT AND LINKING IT TO PERFORMANCE,"MARKET ORIENTATION: THE CONSTRUCT, RESEARCH PROPOSITIONS, AND MANAGERIAL IMPLICATIONS",47,27,11,0.308789,0.174603
root_02,root_15,"COLLINSON E, 2001, MANAGEMENT DECISION","HILLS G, 2011, JOURNAL OF SMALL BUSINESS AND ENTREPRENEURSHIP",ENTREPRENEURIAL MARKETING – A HISTORICAL PERSPECTIVE ON DEVELOPMENT AND PRACTICE,ACADEMIC ROOTS: THE PAST AND PRESENT OF ENTREPRENEURIAL MARKETING,84,41,18,0.306719,0.168224
root_02,root_07,"COLLINSON E, 2001, MANAGEMENT DECISION","LUMPKIN GT, 1996, ACAD MANAGE REV",ENTREPRENEURIAL MARKETING – A HISTORICAL PERSPECTIVE ON DEVELOPMENT AND PRACTICE,CLARIFYING THE ENTREPRENEURIAL ORIENTATION CONSTRUCT AND LINKING IT TO PERFORMANCE,84,47,19,0.302388,0.169643
root_14,root_15,"KOHLI AK, 1990, J MARKETING","HILLS G, 2011, JOURNAL OF SMALL BUSINESS AND ENTREPRENEURSHIP","MARKET ORIENTATION: THE CONSTRUCT, RESEARCH PROPOSITIONS, AND MANAGERIAL IMPLICATIONS",ACADEMIC ROOTS: THE PAST AND PRESENT OF ENTREPRENEURIAL MARKETING,27,41,10,0.300557,0.172414
root_02,root_13,"COLLINSON E, 2001, MANAGEMENT DECISION","NARVER JC, 1990, J MARKETING",ENTREPRENEURIAL MARKETING – A HISTORICAL PERSPECTIVE ON DEVELOPMENT AND PRACTICE,THE EFFECT OF A MARKET ORIENTATION ON BUSINESS PROFITABILITY,84,53,20,0.299745,0.17094
root_02,root_10,"COLLINSON E, 2001, MANAGEMENT DECISION","CARSON D, 1995, MARKETING AND ENTREPRENEURSHIP IN SMES - AN INNOVATIVE APPROACH",ENTREPRENEURIAL MARKETING – A HISTORICAL PERSPECTIVE ON DEVELOPMENT AND PRACTICE,Marketing and entrepreneurship in SMEs : an innovative approach,84,26,14,0.299572,0.145833
root_01,root_06,"MORRIS MH, 2002, J MARKET THEORY PRAC","MATSUNO K, 2002, J MARKETING",ENTREPRENEURIAL MARKETING: A CONSTRUCT FOR INTEGRATING EMERGING ENTREPRENEURSHIP AND MARKETING PERSPECTIVES,THE EFFECTS OF ENTREPRENEURIAL PROCLIVITY AND MARKET ORIENTATION ON BUSINESS PERFORMANCE,226,24,22,0.298719,0.096491
root_01,root_17,"MORRIS MH, 2002, J MARKET THEORY PRAC","HANSEN DJ, 2010, J RES MARK ENTREP",ENTREPRENEURIAL MARKETING: A CONSTRUCT FOR INTEGRATING EMERGING ENTREPRENEURSHIP AND MARKETING PERSPECTIVES,THE MARKETING/ENTREPRENEURSHIP INTERFACE: A REPORT ON THE “CHARLESTON SUMMIT”,226,24,22,0.298719,0.096491
root_12,root_18,"BJERKE B, 2002, ENTREPRENEURIAL MARK","BECHERER RC, 2012, NEW ENGLAND JOURNAL OF ENTREPRENEURSHIP",Entrepreneurial Marketing: The Growth of Small Firms in the New Economic Era,THE EFFECT OF ENTREPRENEURIAL MARKETING ON OUTCOME GOALS IN SMES,43,33,11,0.292013,0.169231
root_02,root_16,"COLLINSON E, 2001, MANAGEMENT DECISION","GILMORE A, 2011, J RES MARK ENTREP",ENTREPRENEURIAL MARKETING – A HISTORICAL PERSPECTIVE ON DEVELOPMENT AND PRACTICE,ENTREPRENEURIAL AND SME MARKETING,84,32,15,0.289319,0.148515
root_01,root_19,"MORRIS MH, 2002, J MARKET THEORY PRAC","ALQAHTANI N, 2022, J STRATEG MARK",ENTREPRENEURIAL MARKETING: A CONSTRUCT FOR INTEGRATING EMERGING ENTREPRENEURSHIP AND MARKETING PERSPECTIVES,"ENTREPRENEURIAL MARKETING AND FIRM PERFORMANCE: SCALE DEVELOPMENT, VALIDATION, AND EMPIRICAL TEST",226,27,22,0.281635,0.095238
root_01,root_11,"MORRIS MH, 2002, J MARKET THEORY PRAC","READ S, 2009, J MARKETING",ENTREPRENEURIAL MARKETING: A CONSTRUCT FOR INTEGRATING EMERGING ENTREPRENEURSHIP AND MARKETING PERSPECTIVES,MARKETING UNDER UNCERTAINTY: THE LOGIC OF AN EFFECTUAL APPROACH,226,25,21,0.27938,0.091304
root_07,root_18,"LUMPKIN GT, 1996, ACAD MANAGE REV","BECHERER RC, 2012, NEW ENGLAND JOURNAL OF ENTREPRENEURSHIP",CLARIFYING THE ENTREPRENEURIAL ORIENTATION CONSTRUCT AND LINKING IT TO PERFORMANCE,THE EFFECT OF ENTREPRENEURIAL MARKETING ON OUTCOME GOALS IN SMES,47,33,11,0.27931,0.15942
root_08,root_15,"BARNEY J, 1991, J MANAGE","HILLS G, 2011, JOURNAL OF SMALL BUSINESS AND ENTREPRENEURSHIP",FIRM RESOURCES AND SUSTAINED COMPETITIVE ADVANTAGE,ACADEMIC ROOTS: THE PAST AND PRESENT OF ENTREPRENEURIAL MARKETING,53,41,13,0.278878,0.160494
root_02,root_09,"COLLINSON E, 2001, MANAGEMENT DECISION","SARASVATHY SD, 2001, ACAD MANAGE REV",ENTREPRENEURIAL MARKETING – A HISTORICAL PERSPECTIVE ON DEVELOPMENT AND PRACTICE,CAUSATION AND EFFECTUATION: TOWARD A THEORETICAL SHIFT FROM ECONOMIC INEVITABILITY TO ENTREPRENEURIAL CONTINGENCY,84,50,18,0.277746,0.155172
root_16,root_18,"GILMORE A, 2011, J RES MARK ENTREP","BECHERER RC, 2012, NEW ENGLAND JOURNAL OF ENTREPRENEURSHIP",ENTREPRENEURIAL AND SME MARKETING,THE EFFECT OF ENTREPRENEURIAL MARKETING ON OUTCOME GOALS IN SMES,32,33,9,0.276956,0.160714
root_14,root_17,"KOHLI AK, 1990, J MARKETING","HANSEN DJ, 2010, J RES MARK ENTREP","MARKET ORIENTATION: THE CONSTRUCT, RESEARCH PROPOSITIONS, AND MANAGERIAL IMPLICATIONS",THE MARKETING/ENTREPRENEURSHIP INTERFACE: A REPORT ON THE “CHARLESTON SUMMIT”,27,24,7,0.274986,0.159091
root_01,root_10,"MORRIS MH, 2002, J MARKET THEORY PRAC","CARSON D, 1995, MARKETING AND ENTREPRENEURSHIP IN SMES - AN INNOVATIVE APPROACH",ENTREPRENEURIAL MARKETING: A CONSTRUCT FOR INTEGRATING EMERGING ENTREPRENEURSHIP AND MARKETING PERSPECTIVES,Marketing and entrepreneurship in SMEs : an innovative approach,226,26,21,0.273954,0.090909
root_05,root_08,"MILLER D, 1983, MANAGE SCI","BARNEY J, 1991, J MANAGE",THE CORRELATES OF ENTREPRENEURSHIP IN THREE TYPES OF FIRMS,FIRM RESOURCES AND SUSTAINED COMPETITIVE ADVANTAGE,26,53,10,0.269386,0.144928
root_14,root_18,"KOHLI AK, 1990, J MARKETING","BECHERER RC, 2012, NEW ENGLAND JOURNAL OF ENTREPRENEURSHIP","MARKET ORIENTATION: THE CONSTRUCT, RESEARCH PROPOSITIONS, AND MANAGERIAL IMPLICATIONS",THE EFFECT OF ENTREPRENEURIAL MARKETING ON OUTCOME GOALS IN SMES,27,33,8,0.26801,0.153846
root_08,root_18,"BARNEY J, 1991, J MANAGE","BECHERER RC, 2012, NEW ENGLAND JOURNAL OF ENTREPRENEURSHIP",FIRM RESOURCES AND SUSTAINED COMPETITIVE ADVANTAGE,THE EFFECT OF ENTREPRENEURIAL MARKETING ON OUTCOME GOALS IN SMES,53,33,11,0.263025,0.146667
root_03,root_06,"STOKES D, 2000, J RES MARKETING ENTR","MATSUNO K, 2002, J MARKETING",PUTTING ENTREPRENEURSHIP INTO MARKETING: THE PROCESSES OF ENTREPRENEURIAL MARKETING,THE EFFECTS OF ENTREPRENEURIAL PROCLIVITY AND MARKET ORIENTATION ON BUSINESS PERFORMANCE,89,24,12,0.259645,0.118812
root_02,root_05,"COLLINSON E, 2001, MANAGEMENT DECISION","MILLER D, 1983, MANAGE SCI",ENTREPRENEURIAL MARKETING – A HISTORICAL PERSPECTIVE ON DEVELOPMENT AND PRACTICE,THE CORRELATES OF ENTREPRENEURSHIP IN THREE TYPES OF FIRMS,84,26,12,0.256776,0.122449
root_04,root_09,"SHANE S, 2000, ACAD MANAGE REV","SARASVATHY SD, 2001, ACAD MANAGE REV",THE PROMISE OF ENTREPRENEURSHIP AS A FIELD OF RESEARCH,CAUSATION AND EFFECTUATION: TOWARD A THEORETICAL SHIFT FROM ECONOMIC INEVITABILITY TO ENTREPRENEURIAL CONTINGENCY,25,50,9,0.254558,0.136364
root_03,root_04,"STOKES D, 2000, J RES MARKETING ENTR","SHANE S, 2000, ACAD MANAGE REV",PUTTING ENTREPRENEURSHIP INTO MARKETING: THE PROCESSES OF ENTREPRENEURIAL MARKETING,THE PROMISE OF ENTREPRENEURSHIP AS A FIELD OF RESEARCH,89,25,12,0.254399,0.117647
root_12,root_13,"BJERKE B, 2002, ENTREPRENEURIAL MARK","NARVER JC, 1990, J MARKETING",Entrepreneurial Marketing: The Growth of Small Firms in the New Economic Era,THE EFFECT OF A MARKET ORIENTATION ON BUSINESS PROFITABILITY,43,53,12,0.251367,0.142857
root_12,root_17,"BJERKE B, 2002, ENTREPRENEURIAL MARK","HANSEN DJ, 2010, J RES MARK ENTREP",Entrepreneurial Marketing: The Growth of Small Firms in the New Economic Era,THE MARKETING/ENTREPRENEURSHIP INTERFACE: A REPORT ON THE “CHARLESTON SUMMIT”,43,24,8,0.249029,0.135593
root_15,root_16,"HILLS G, 2011, JOURNAL OF SMALL BUSINESS AND ENTREPRENEURSHIP","GILMORE A, 2011, J RES MARK ENTREP",ACADEMIC ROOTS: THE PAST AND PRESENT OF ENTREPRENEURIAL MARKETING,ENTREPRENEURIAL AND SME MARKETING,41,32,9,0.248471,0.140625
root_03,root_08,"STOKES D, 2000, J RES MARKETING ENTR","BARNEY J, 1991, J MANAGE",PUTTING ENTREPRENEURSHIP INTO MARKETING: THE PROCESSES OF ENTREPRENEURIAL MARKETING,FIRM RESOURCES AND SUSTAINED COMPETITIVE ADVANTAGE,89,53,17,0.247523,0.136
root_11,root_16,"READ S, 2009, J MARKETING","GILMORE A, 2011, J RES MARK ENTREP",MARKETING UNDER UNCERTAINTY: THE LOGIC OF AN EFFECTUAL APPROACH,ENTREPRENEURIAL AND SME MARKETING,25,32,7,0.247487,0.14
root_03,root_07,"STOKES D, 2000, J RES MARKETING ENTR","LUMPKIN GT, 1996, ACAD MANAGE REV",PUTTING ENTREPRENEURSHIP INTO MARKETING: THE PROCESSES OF ENTREPRENEURIAL MARKETING,CLARIFYING THE ENTREPRENEURIAL ORIENTATION CONSTRUCT AND LINKING IT TO PERFORMANCE,89,47,16,0.247387,0.133333
root_06,root_11,"MATSUNO K, 2002, J MARKETING","READ S, 2009, J MARKETING",THE EFFECTS OF ENTREPRENEURIAL PROCLIVITY AND MARKET ORIENTATION ON BUSINESS PERFORMANCE,MARKETING UNDER UNCERTAINTY: THE LOGIC OF AN EFFECTUAL APPROACH,24,25,6,0.244949,0.139535
root_11,root_17,"READ S, 2009, J MARKETING","HANSEN DJ, 2010, J RES MARK ENTREP",MARKETING UNDER UNCERTAINTY: THE LOGIC OF AN EFFECTUAL APPROACH,THE MARKETING/ENTREPRENEURSHIP INTERFACE: A REPORT ON THE “CHARLESTON SUMMIT”,25,24,6,0.244949,0.139535
root_07,root_12,"LUMPKIN GT, 1996, ACAD MANAGE REV","BJERKE B, 2002, ENTREPRENEURIAL MARK",CLARIFYING THE ENTREPRENEURIAL ORIENTATION CONSTRUCT AND LINKING IT TO PERFORMANCE,Entrepreneurial Marketing: The Growth of Small Firms in the New Economic Era,47,43,11,0.244686,0.139241
root_05,root_17,"MILLER D, 1983, MANAGE SCI","HANSEN DJ, 2010, J RES MARK ENTREP",THE CORRELATES OF ENTREPRENEURSHIP IN THREE TYPES OF FIRMS,THE MARKETING/ENTREPRENEURSHIP INTERFACE: A REPORT ON THE “CHARLESTON SUMMIT”,26,24,6,0.240192,0.136364
root_02,root_11,"COLLINSON E, 2001, MANAGEMENT DECISION","READ S, 2009, J MARKETING",ENTREPRENEURIAL MARKETING – A HISTORICAL PERSPECTIVE ON DEVELOPMENT AND PRACTICE,MARKETING UNDER UNCERTAINTY: THE LOGIC OF AN EFFECTUAL APPROACH,84,25,11,0.24004,0.112245
root_04,root_11,"SHANE S, 2000, ACAD MANAGE REV","READ S, 2009, J MARKETING",THE PROMISE OF ENTREPRENEURSHIP AS A FIELD OF RESEARCH,MARKETING UNDER UNCERTAINTY: THE LOGIC OF AN EFFECTUAL APPROACH,25,25,6,0.24,0.136364
root_05,root_12,"MILLER D, 1983, MANAGE SCI","BJERKE B, 2002, ENTREPRENEURIAL MARK",THE CORRELATES OF ENTREPRENEURSHIP IN THREE TYPES OF FIRMS,Entrepreneurial Marketing: The Growth of Small Firms in the New Economic Era,26,43,8,0.239259,0.131148
root_13,root_15,"NARVER JC, 1990, J MARKETING","HILLS G, 2011, JOURNAL OF SMALL BUSINESS AND ENTREPRENEURSHIP",THE EFFECT OF A MARKET ORIENTATION ON BUSINESS PROFITABILITY,ACADEMIC ROOTS: THE PAST AND PRESENT OF ENTREPRENEURIAL MARKETING,53,41,11,0.235973,0.13253
root_04,root_05,"SHANE S, 2000, ACAD MANAGE REV","MILLER D, 1983, MANAGE SCI",THE PROMISE OF ENTREPRENEURSHIP AS A FIELD OF RESEARCH,THE CORRELATES OF ENTREPRENEURSHIP IN THREE TYPES OF FIRMS,25,26,6,0.235339,0.133333
root_06,root_09,"MATSUNO K, 2002, J MARKETING","SARASVATHY SD, 2001, ACAD MANAGE REV",THE EFFECTS OF ENTREPRENEURIAL PROCLIVITY AND MARKET ORIENTATION ON BUSINESS PERFORMANCE,CAUSATION AND EFFECTUATION: TOWARD A THEORETICAL SHIFT FROM ECONOMIC INEVITABILITY TO ENTREPRENEURIAL CONTINGENCY,24,50,8,0.23094,0.121212
root_09,root_17,"SARASVATHY SD, 2001, ACAD MANAGE REV","HANSEN DJ, 2010, J RES MARK ENTREP",CAUSATION AND EFFECTUATION: TOWARD A THEORETICAL SHIFT FROM ECONOMIC INEVITABILITY TO ENTREPRENEURIAL CONTINGENCY,THE MARKETING/ENTREPRENEURSHIP INTERFACE: A REPORT ON THE “CHARLESTON SUMMIT”,50,24,8,0.23094,0.121212
root_03,root_05,"STOKES D, 2000, J RES MARKETING ENTR","MILLER D, 1983, MANAGE SCI",PUTTING ENTREPRENEURSHIP INTO MARKETING: THE PROCESSES OF ENTREPRENEURIAL MARKETING,THE CORRELATES OF ENTREPRENEURSHIP IN THREE TYPES OF FIRMS,89,26,11,0.228671,0.105769
root_02,root_18,"COLLINSON E, 2001, MANAGEMENT DECISION","BECHERER RC, 2012, NEW ENGLAND JOURNAL OF ENTREPRENEURSHIP",ENTREPRENEURIAL MARKETING – A HISTORICAL PERSPECTIVE ON DEVELOPMENT AND PRACTICE,THE EFFECT OF ENTREPRENEURIAL MARKETING ON OUTCOME GOALS IN SMES,84,33,12,0.227921,0.114286
root_07,root_15,"LUMPKIN GT, 1996, ACAD MANAGE REV","HILLS G, 2011, JOURNAL OF SMALL BUSINESS AND ENTREPRENEURSHIP",CLARIFYING THE ENTREPRENEURIAL ORIENTATION CONSTRUCT AND LINKING IT TO PERFORMANCE,ACADEMIC ROOTS: THE PAST AND PRESENT OF ENTREPRENEURIAL MARKETING,47,41,10,0.227803,0.128205
root_07,root_19,"LUMPKIN GT, 1996, ACAD MANAGE REV","ALQAHTANI N, 2022, J STRATEG MARK",CLARIFYING THE ENTREPRENEURIAL ORIENTATION CONSTRUCT AND LINKING IT TO PERFORMANCE,"ENTREPRENEURIAL MARKETING AND FIRM PERFORMANCE: SCALE DEVELOPMENT, VALIDATION, AND EMPIRICAL TEST",47,27,8,0.224574,0.121212
root_06,root_08,"MATSUNO K, 2002, J MARKETING","BARNEY J, 1991, J MANAGE",THE EFFECTS OF ENTREPRENEURIAL PROCLIVITY AND MARKET ORIENTATION ON BUSINESS PERFORMANCE,FIRM RESOURCES AND SUSTAINED COMPETITIVE ADVANTAGE,24,53,8,0.224309,0.115942
root_08,root_17,"BARNEY J, 1991, J MANAGE","HANSEN DJ, 2010, J RES MARK ENTREP",FIRM RESOURCES AND SUSTAINED COMPETITIVE ADVANTAGE,THE MARKETING/ENTREPRENEURSHIP INTERFACE: A REPORT ON THE “CHARLESTON SUMMIT”,53,24,8,0.224309,0.115942
root_08,root_16,"BARNEY J, 1991, J MANAGE","GILMORE A, 2011, J RES MARK ENTREP",FIRM RESOURCES AND SUSTAINED COMPETITIVE ADVANTAGE,ENTREPRENEURIAL AND SME MARKETING,53,32,9,0.218539,0.118421
root_13,root_16,"NARVER JC, 1990, J MARKETING","GILMORE A, 2011, J RES MARK ENTREP",THE EFFECT OF A MARKET ORIENTATION ON BUSINESS PROFITABILITY,ENTREPRENEURIAL AND SME MARKETING,53,32,9,0.218539,0.118421
root_09,root_12,"SARASVATHY SD, 2001, ACAD MANAGE REV","BJERKE B, 2002, ENTREPRENEURIAL MARK",CAUSATION AND EFFECTUATION: TOWARD A THEORETICAL SHIFT FROM ECONOMIC INEVITABILITY TO ENTREPRENEURIAL CONTINGENCY,Entrepreneurial Marketing: The Growth of Small Firms in the New Economic Era,50,43,10,0.215666,0.120482
root_13,root_18,"NARVER JC, 1990, J MARKETING","BECHERER RC, 2012, NEW ENGLAND JOURNAL OF ENTREPRENEURSHIP",THE EFFECT OF A MARKET ORIENTATION ON BUSINESS PROFITABILITY,THE EFFECT OF ENTREPRENEURIAL MARKETING ON OUTCOME GOALS IN SMES,53,33,9,0.215203,0.116883
root_03,root_11,"STOKES D, 2000, J RES MARKETING ENTR","READ S, 2009, J MARKETING",PUTTING ENTREPRENEURSHIP INTO MARKETING: THE PROCESSES OF ENTREPRENEURIAL MARKETING,MARKETING UNDER UNCERTAINTY: THE LOGIC OF AN EFFECTUAL APPROACH,89,25,10,0.212,0.096154
root_08,root_19,"BARNEY J, 1991, J MANAGE","ALQAHTANI N, 2022, J STRATEG MARK",FIRM RESOURCES AND SUSTAINED COMPETITIVE ADVANTAGE,"ENTREPRENEURIAL MARKETING AND FIRM PERFORMANCE: SCALE DEVELOPMENT, VALIDATION, AND EMPIRICAL TEST",53,27,8,0.21148,0.111111
root_02,root_08,"COLLINSON E, 2001, MANAGEMENT DECISION","BARNEY J, 1991, J MANAGE",ENTREPRENEURIAL MARKETING – A HISTORICAL PERSPECTIVE ON DEVELOPMENT AND PRACTICE,FIRM RESOURCES AND SUSTAINED COMPETITIVE ADVANTAGE,84,53,14,0.209822,0.113821
root_07,root_17,"LUMPKIN GT, 1996, ACAD MANAGE REV","HANSEN DJ, 2010, J RES MARK ENTREP",CLARIFYING THE ENTREPRENEURIAL ORIENTATION CONSTRUCT AND LINKING IT TO PERFORMANCE,THE MARKETING/ENTREPRENEURSHIP INTERFACE: A REPORT ON THE “CHARLESTON SUMMIT”,47,24,7,0.208422,0.109375
root_16,root_19,"GILMORE A, 2011, J RES MARK ENTREP","ALQAHTANI N, 2022, J STRATEG MARK",ENTREPRENEURIAL AND SME MARKETING,"ENTREPRENEURIAL MARKETING AND FIRM PERFORMANCE: SCALE DEVELOPMENT, VALIDATION, AND EMPIRICAL TEST",32,27,6,0.204124,0.113208
root_03,root_18,"STOKES D, 2000, J RES MARKETING ENTR","BECHERER RC, 2012, NEW ENGLAND JOURNAL OF ENTREPRENEURSHIP",PUTTING ENTREPRENEURSHIP INTO MARKETING: THE PROCESSES OF ENTREPRENEURIAL MARKETING,THE EFFECT OF ENTREPRENEURIAL MARKETING ON OUTCOME GOALS IN SMES,89,33,11,0.202974,0.099099
root_18,root_19,"BECHERER RC, 2012, NEW ENGLAND JOURNAL OF ENTREPRENEURSHIP","ALQAHTANI N, 2022, J STRATEG MARK",THE EFFECT OF ENTREPRENEURIAL MARKETING ON OUTCOME GOALS IN SMES,"ENTREPRENEURIAL MARKETING AND FIRM PERFORMANCE: SCALE DEVELOPMENT, VALIDATION, AND EMPIRICAL TEST",33,27,6,0.201008,0.111111
root_09,root_16,"SARASVATHY SD, 2001, ACAD MANAGE REV","GILMORE A, 2011, J RES MARK ENTREP",CAUSATION AND EFFECTUATION: TOWARD A THEORETICAL SHIFT FROM ECONOMIC INEVITABILITY TO ENTREPRENEURIAL CONTINGENCY,ENTREPRENEURIAL AND SME MARKETING,50,32,8,0.2,0.108108
root_03,root_15,"STOKES D, 2000, J RES MARKETING ENTR","HILLS G, 2011, JOURNAL OF SMALL BUSINESS AND ENTREPRENEURSHIP",PUTTING ENTREPRENEURSHIP INTO MARKETING: THE PROCESSES OF ENTREPRENEURIAL MARKETING,ACADEMIC ROOTS: THE PAST AND PRESENT OF ENTREPRENEURIAL MARKETING,89,41,12,0.198653,0.101695
root_08,root_09,"BARNEY J, 1991, J MANAGE","SARASVATHY SD, 2001, ACAD MANAGE REV",FIRM RESOURCES AND SUSTAINED COMPETITIVE ADVANTAGE,CAUSATION AND EFFECTUATION: TOWARD A THEORETICAL SHIFT FROM ECONOMIC INEVITABILITY TO ENTREPRENEURIAL CONTINGENCY,53,50,10,0.194257,0.107527
root_03,root_12,"STOKES D, 2000, J RES MARKETING ENTR","BJERKE B, 2002, ENTREPRENEURIAL MARK",PUTTING ENTREPRENEURSHIP INTO MARKETING: THE PROCESSES OF ENTREPRENEURIAL MARKETING,Entrepreneurial Marketing: The Growth of Small Firms in the New Economic Era,89,43,12,0.193978,0.1
root_11,root_13,"READ S, 2009, J MARKETING","NARVER JC, 1990, J MARKETING",MARKETING UNDER UNCERTAINTY: THE LOGIC OF AN EFFECTUAL APPROACH,THE EFFECT OF A MARKET ORIENTATION ON BUSINESS PROFITABILITY,25,53,7,0.192305,0.098592
root_02,root_14,"COLLINSON E, 2001, MANAGEMENT DECISION","KOHLI AK, 1990, J MARKETING",ENTREPRENEURIAL MARKETING – A HISTORICAL PERSPECTIVE ON DEVELOPMENT AND PRACTICE,"MARKET ORIENTATION: THE CONSTRUCT, RESEARCH PROPOSITIONS, AND MANAGERIAL IMPLICATIONS",84,27,9,0.188982,0.088235
root_05,root_19,"MILLER D, 1983, MANAGE SCI","ALQAHTANI N, 2022, J STRATEG MARK",THE CORRELATES OF ENTREPRENEURSHIP IN THREE TYPES OF FIRMS,"ENTREPRENEURIAL MARKETING AND FIRM PERFORMANCE: SCALE DEVELOPMENT, VALIDATION, AND EMPIRICAL TEST",26,27,5,0.188713,0.104167
root_10,root_14,"CARSON D, 1995, MARKETING AND ENTREPRENEURSHIP IN SMES - AN INNOVATIVE APPROACH","KOHLI AK, 1990, J MARKETING",Marketing and entrepreneurship in SMEs : an innovative approach,"MARKET ORIENTATION: THE CONSTRUCT, RESEARCH PROPOSITIONS, AND MANAGERIAL IMPLICATIONS",26,27,5,0.188713,0.104167
root_12,root_16,"BJERKE B, 2002, ENTREPRENEURIAL MARK","GILMORE A, 2011, J RES MARK ENTREP",Entrepreneurial Marketing: The Growth of Small Firms in the New Economic Era,ENTREPRENEURIAL AND SME MARKETING,43,32,7,0.188707,0.102941
root_05,root_15,"MILLER D, 1983, MANAGE SCI","HILLS G, 2011, JOURNAL OF SMALL BUSINESS AND ENTREPRENEURSHIP",THE CORRELATES OF ENTREPRENEURSHIP IN THREE TYPES OF FIRMS,ACADEMIC ROOTS: THE PAST AND PRESENT OF ENTREPRENEURIAL MARKETING,26,41,6,0.183769,0.098361
root_03,root_14,"STOKES D, 2000, J RES MARKETING ENTR","KOHLI AK, 1990, J MARKETING",PUTTING ENTREPRENEURSHIP INTO MARKETING: THE PROCESSES OF ENTREPRENEURIAL MARKETING,"MARKET ORIENTATION: THE CONSTRUCT, RESEARCH PROPOSITIONS, AND MANAGERIAL IMPLICATIONS",89,27,9,0.183597,0.084112
root_11,root_12,"READ S, 2009, J MARKETING","BJERKE B, 2002, ENTREPRENEURIAL MARK",MARKETING UNDER UNCERTAINTY: THE LOGIC OF AN EFFECTUAL APPROACH,Entrepreneurial Marketing: The Growth of Small Firms in the New Economic Era,25,43,6,0.182998,0.096774
root_16,root_17,"GILMORE A, 2011, J RES MARK ENTREP","HANSEN DJ, 2010, J RES MARK ENTREP",ENTREPRENEURIAL AND SME MARKETING,THE MARKETING/ENTREPRENEURSHIP INTERFACE: A REPORT ON THE “CHARLESTON SUMMIT”,32,24,5,0.180422,0.098039
root_17,root_18,"HANSEN DJ, 2010, J RES MARK ENTREP","BECHERER RC, 2012, NEW ENGLAND JOURNAL OF ENTREPRENEURSHIP",THE MARKETING/ENTREPRENEURSHIP INTERFACE: A REPORT ON THE “CHARLESTON SUMMIT”,THE EFFECT OF ENTREPRENEURIAL MARKETING ON OUTCOME GOALS IN SMES,24,33,5,0.177667,0.096154
root_09,root_15,"SARASVATHY SD, 2001, ACAD MANAGE REV","HILLS G, 2011, JOURNAL OF SMALL BUSINESS AND ENTREPRENEURSHIP",CAUSATION AND EFFECTUATION: TOWARD A THEORETICAL SHIFT FROM ECONOMIC INEVITABILITY TO ENTREPRENEURIAL CONTINGENCY,ACADEMIC ROOTS: THE PAST AND PRESENT OF ENTREPRENEURIAL MARKETING,50,41,8,0.17669,0.096386
root_03,root_17,"STOKES D, 2000, J RES MARKETING ENTR","HANSEN DJ, 2010, J RES MARK ENTREP",PUTTING ENTREPRENEURSHIP INTO MARKETING: THE PROCESSES OF ENTREPRENEURIAL MARKETING,THE MARKETING/ENTREPRENEURSHIP INTERFACE: A REPORT ON THE “CHARLESTON SUMMIT”,89,24,8,0.173097,0.07619
root_05,root_18,"MILLER D, 1983, MANAGE SCI","BECHERER RC, 2012, NEW ENGLAND JOURNAL OF ENTREPRENEURSHIP",THE CORRELATES OF ENTREPRENEURSHIP IN THREE TYPES OF FIRMS,THE EFFECT OF ENTREPRENEURIAL MARKETING ON OUTCOME GOALS IN SMES,26,33,5,0.170697,0.092593
root_03,root_16,"STOKES D, 2000, J RES MARKETING ENTR","GILMORE A, 2011, J RES MARK ENTREP",PUTTING ENTREPRENEURSHIP INTO MARKETING: THE PROCESSES OF ENTREPRENEURIAL MARKETING,ENTREPRENEURIAL AND SME MARKETING,89,32,9,0.168645,0.080357
root_13,root_17,"NARVER JC, 1990, J MARKETING","HANSEN DJ, 2010, J RES MARK ENTREP",THE EFFECT OF A MARKET ORIENTATION ON BUSINESS PROFITABILITY,THE MARKETING/ENTREPRENEURSHIP INTERFACE: A REPORT ON THE “CHARLESTON SUMMIT”,53,24,6,0.168232,0.084507
root_08,root_12,"BARNEY J, 1991, J MANAGE","BJERKE B, 2002, ENTREPRENEURIAL MARK",FIRM RESOURCES AND SUSTAINED COMPETITIVE ADVANTAGE,Entrepreneurial Marketing: The Growth of Small Firms in the New Economic Era,53,43,8,0.167578,0.090909
root_05,root_09,"MILLER D, 1983, MANAGE SCI","SARASVATHY SD, 2001, ACAD MANAGE REV",THE CORRELATES OF ENTREPRENEURSHIP IN THREE TYPES OF FIRMS,CAUSATION AND EFFECTUATION: TOWARD A THEORETICAL SHIFT FROM ECONOMIC INEVITABILITY TO ENTREPRENEURIAL CONTINGENCY,26,50,6,0.16641,0.085714
root_07,root_09,"LUMPKIN GT, 1996, ACAD MANAGE REV","SARASVATHY SD, 2001, ACAD MANAGE REV",CLARIFYING THE ENTREPRENEURIAL ORIENTATION CONSTRUCT AND LINKING IT TO PERFORMANCE,CAUSATION AND EFFECTUATION: TOWARD A THEORETICAL SHIFT FROM ECONOMIC INEVITABILITY TO ENTREPRENEURIAL CONTINGENCY,47,50,8,0.165027,0.089888
root_09,root_14,"SARASVATHY SD, 2001, ACAD MANAGE REV","KOHLI AK, 1990, J MARKETING",CAUSATION AND EFFECTUATION: TOWARD A THEORETICAL SHIFT FROM ECONOMIC INEVITABILITY TO ENTREPRENEURIAL CONTINGENCY,"MARKET ORIENTATION: THE CONSTRUCT, RESEARCH PROPOSITIONS, AND MANAGERIAL IMPLICATIONS",50,27,6,0.163299,0.084507
root_10,root_13,"CARSON D, 1995, MARKETING AND ENTREPRENEURSHIP IN SMES - AN INNOVATIVE APPROACH","NARVER JC, 1990, J MARKETING",Marketing and entrepreneurship in SMEs : an innovative approach,THE EFFECT OF A MARKET ORIENTATION ON BUSINESS PROFITABILITY,26,53,6,0.161632,0.082192
root_03,root_13,"STOKES D, 2000, J RES MARKETING ENTR","NARVER JC, 1990, J MARKETING",PUTTING ENTREPRENEURSHIP INTO MARKETING: THE PROCESSES OF ENTREPRENEURIAL MARKETING,THE EFFECT OF A MARKET ORIENTATION ON BUSINESS PROFITABILITY,89,53,11,0.160162,0.083969
root_06,root_10,"MATSUNO K, 2002, J MARKETING","CARSON D, 1995, MARKETING AND ENTREPRENEURSHIP IN SMES - AN INNOVATIVE APPROACH",THE EFFECTS OF ENTREPRENEURIAL PROCLIVITY AND MARKET ORIENTATION ON BUSINESS PERFORMANCE,Marketing and entrepreneurship in SMEs : an innovative approach,24,26,4,0.160128,0.086957
root_08,root_14,"BARNEY J, 1991, J MANAGE","KOHLI AK, 1990, J MARKETING",FIRM RESOURCES AND SUSTAINED COMPETITIVE ADVANTAGE,"MARKET ORIENTATION: THE CONSTRUCT, RESEARCH PROPOSITIONS, AND MANAGERIAL IMPLICATIONS",53,27,6,0.15861,0.081081
root_13,root_19,"NARVER JC, 1990, J MARKETING","ALQAHTANI N, 2022, J STRATEG MARK",THE EFFECT OF A MARKET ORIENTATION ON BUSINESS PROFITABILITY,"ENTREPRENEURIAL MARKETING AND FIRM PERFORMANCE: SCALE DEVELOPMENT, VALIDATION, AND EMPIRICAL TEST",53,27,6,0.15861,0.081081
root_02,root_06,"COLLINSON E, 2001, MANAGEMENT DECISION","MATSUNO K, 2002, J MARKETING",ENTREPRENEURIAL MARKETING – A HISTORICAL PERSPECTIVE ON DEVELOPMENT AND PRACTICE,THE EFFECTS OF ENTREPRENEURIAL PROCLIVITY AND MARKET ORIENTATION ON BUSINESS PERFORMANCE,84,24,7,0.155902,0.069307
root_05,root_10,"MILLER D, 1983, MANAGE SCI","CARSON D, 1995, MARKETING AND ENTREPRENEURSHIP IN SMES - AN INNOVATIVE APPROACH",THE CORRELATES OF ENTREPRENEURSHIP IN THREE TYPES OF FIRMS,Marketing and entrepreneurship in SMEs : an innovative approach,26,26,4,0.153846,0.083333
root_10,root_15,"CARSON D, 1995, MARKETING AND ENTREPRENEURSHIP IN SMES - AN INNOVATIVE APPROACH","HILLS G, 2011, JOURNAL OF SMALL BUSINESS AND ENTREPRENEURSHIP",Marketing and entrepreneurship in SMEs : an innovative approach,ACADEMIC ROOTS: THE PAST AND PRESENT OF ENTREPRENEURIAL MARKETING,26,41,5,0.153141,0.080645
root_14,root_19,"KOHLI AK, 1990, J MARKETING","ALQAHTANI N, 2022, J STRATEG MARK","MARKET ORIENTATION: THE CONSTRUCT, RESEARCH PROPOSITIONS, AND MANAGERIAL IMPLICATIONS","ENTREPRENEURIAL MARKETING AND FIRM PERFORMANCE: SCALE DEVELOPMENT, VALIDATION, AND EMPIRICAL TEST",27,27,4,0.148148,0.08
root_04,root_07,"SHANE S, 2000, ACAD MANAGE REV","LUMPKIN GT, 1996, ACAD MANAGE REV",THE PROMISE OF ENTREPRENEURSHIP AS A FIELD OF RESEARCH,CLARIFYING THE ENTREPRENEURIAL ORIENTATION CONSTRUCT AND LINKING IT TO PERFORMANCE,25,47,5,0.145865,0.074627
root_03,root_10,"STOKES D, 2000, J RES MARKETING ENTR","CARSON D, 1995, MARKETING AND ENTREPRENEURSHIP IN SMES - AN INNOVATIVE APPROACH",PUTTING ENTREPRENEURSHIP INTO MARKETING: THE PROCESSES OF ENTREPRENEURIAL MARKETING,Marketing and entrepreneurship in SMEs : an innovative approach,89,26,7,0.145518,0.064815
root_09,root_10,"SARASVATHY SD, 2001, ACAD MANAGE REV","CARSON D, 1995, MARKETING AND ENTREPRENEURSHIP IN SMES - AN INNOVATIVE APPROACH",CAUSATION AND EFFECTUATION: TOWARD A THEORETICAL SHIFT FROM ECONOMIC INEVITABILITY TO ENTREPRENEURIAL CONTINGENCY,Marketing and entrepreneurship in SMEs : an innovative approach,50,26,5,0.138675,0.070423
root_10,root_16,"CARSON D, 1995, MARKETING AND ENTREPRENEURSHIP IN SMES - AN INNOVATIVE APPROACH","GILMORE A, 2011, J RES MARK ENTREP",Marketing and entrepreneurship in SMEs : an innovative approach,ENTREPRENEURIAL AND SME MARKETING,26,32,4,0.138675,0.074074
root_04,root_08,"SHANE S, 2000, ACAD MANAGE REV","BARNEY J, 1991, J MANAGE",THE PROMISE OF ENTREPRENEURSHIP AS A FIELD OF RESEARCH,FIRM RESOURCES AND SUSTAINED COMPETITIVE ADVANTAGE,25,53,5,0.137361,0.068493
root_04,root_13,"SHANE S, 2000, ACAD MANAGE REV","NARVER JC, 1990, J MARKETING",THE PROMISE OF ENTREPRENEURSHIP AS A FIELD OF RESEARCH,THE EFFECT OF A MARKET ORIENTATION ON BUSINESS PROFITABILITY,25,53,5,0.137361,0.068493
root_14,root_16,"KOHLI AK, 1990, J MARKETING","GILMORE A, 2011, J RES MARK ENTREP","MARKET ORIENTATION: THE CONSTRUCT, RESEARCH PROPOSITIONS, AND MANAGERIAL IMPLICATIONS",ENTREPRENEURIAL AND SME MARKETING,27,32,4,0.136083,0.072727
root_09,root_13,"SARASVATHY SD, 2001, ACAD MANAGE REV","NARVER JC, 1990, J MARKETING",CAUSATION AND EFFECTUATION: TOWARD A THEORETICAL SHIFT FROM ECONOMIC INEVITABILITY TO ENTREPRENEURIAL CONTINGENCY,THE EFFECT OF A MARKET ORIENTATION ON BUSINESS PROFITABILITY,50,53,7,0.13598,0.072917
root_02,root_17,"COLLINSON E, 2001, MANAGEMENT DECISION","HANSEN DJ, 2010, J RES MARK ENTREP",ENTREPRENEURIAL MARKETING – A HISTORICAL PERSPECTIVE ON DEVELOPMENT AND PRACTICE,THE MARKETING/ENTREPRENEURSHIP INTERFACE: A REPORT ON THE “CHARLESTON SUMMIT”,84,24,6,0.133631,0.058824
root_06,root_17,"MATSUNO K, 2002, J MARKETING","HANSEN DJ, 2010, J RES MARK ENTREP",THE EFFECTS OF ENTREPRENEURIAL PROCLIVITY AND MARKET ORIENTATION ON BUSINESS PERFORMANCE,THE MARKETING/ENTREPRENEURSHIP INTERFACE: A REPORT ON THE “CHARLESTON SUMMIT”,24,24,3,0.125,0.066667
root_06,root_12,"MATSUNO K, 2002, J MARKETING","BJERKE B, 2002, ENTREPRENEURIAL MARK",THE EFFECTS OF ENTREPRENEURIAL PROCLIVITY AND MARKET ORIENTATION ON BUSINESS PERFORMANCE,Entrepreneurial Marketing: The Growth of Small Firms in the New Economic Era,24,43,4,0.124515,0.063492
root_04,root_06,"SHANE S, 2000, ACAD MANAGE REV","MATSUNO K, 2002, J MARKETING",THE PROMISE OF ENTREPRENEURSHIP AS A FIELD OF RESEARCH,THE EFFECTS OF ENTREPRENEURIAL PROCLIVITY AND MARKET ORIENTATION ON BUSINESS PERFORMANCE,25,24,3,0.122474,0.065217
root_04,root_17,"SHANE S, 2000, ACAD MANAGE REV","HANSEN DJ, 2010, J RES MARK ENTREP",THE PROMISE OF ENTREPRENEURSHIP AS A FIELD OF RESEARCH,THE MARKETING/ENTREPRENEURSHIP INTERFACE: A REPORT ON THE “CHARLESTON SUMMIT”,25,24,3,0.122474,0.065217
root_03,root_19,"STOKES D, 2000, J RES MARKETING ENTR","ALQAHTANI N, 2022, J STRATEG MARK",PUTTING ENTREPRENEURSHIP INTO MARKETING: THE PROCESSES OF ENTREPRENEURIAL MARKETING,"ENTREPRENEURIAL MARKETING AND FIRM PERFORMANCE: SCALE DEVELOPMENT, VALIDATION, AND EMPIRICAL TEST",89,27,6,0.122398,0.054545
root_04,root_12,"SHANE S, 2000, ACAD MANAGE REV","BJERKE B, 2002, ENTREPRENEURIAL MARK",THE PROMISE OF ENTREPRENEURSHIP AS A FIELD OF RESEARCH,Entrepreneurial Marketing: The Growth of Small Firms in the New Economic Era,25,43,4,0.121999,0.0625
root_15,root_19,"HILLS G, 2011, JOURNAL OF SMALL BUSINESS AND ENTREPRENEURSHIP","ALQAHTANI N, 2022, J STRATEG MARK",ACADEMIC ROOTS: THE PAST AND PRESENT OF ENTREPRENEURIAL MARKETING,"ENTREPRENEURIAL MARKETING AND FIRM PERFORMANCE: SCALE DEVELOPMENT, VALIDATION, AND EMPIRICAL TEST",41,27,4,0.120223,0.0625
root_10,root_17,"CARSON D, 1995, MARKETING AND ENTREPRENEURSHIP IN SMES - AN INNOVATIVE APPROACH","HANSEN DJ, 2010, J RES MARK ENTREP",Marketing and entrepreneurship in SMEs : an innovative approach,THE MARKETING/ENTREPRENEURSHIP INTERFACE: A REPORT ON THE “CHARLESTON SUMMIT”,26,24,3,0.120096,0.06383
root_05,root_11,"MILLER D, 1983, MANAGE SCI","READ S, 2009, J MARKETING",THE CORRELATES OF ENTREPRENEURSHIP IN THREE TYPES OF FIRMS,MARKETING UNDER UNCERTAINTY: THE LOGIC OF AN EFFECTUAL APPROACH,26,25,3,0.11767,0.0625
root_11,root_14,"READ S, 2009, J MARKETING","KOHLI AK, 1990, J MARKETING",MARKETING UNDER UNCERTAINTY: THE LOGIC OF AN EFFECTUAL APPROACH,"MARKET ORIENTATION: THE CONSTRUCT, RESEARCH PROPOSITIONS, AND MANAGERIAL IMPLICATIONS",25,27,3,0.11547,0.061224
root_11,root_19,"READ S, 2009, J MARKETING","ALQAHTANI N, 2022, J STRATEG MARK",MARKETING UNDER UNCERTAINTY: THE LOGIC OF AN EFFECTUAL APPROACH,"ENTREPRENEURIAL MARKETING AND FIRM PERFORMANCE: SCALE DEVELOPMENT, VALIDATION, AND EMPIRICAL TEST",25,27,3,0.11547,0.061224
root_07,root_10,"LUMPKIN GT, 1996, ACAD MANAGE REV","CARSON D, 1995, MARKETING AND ENTREPRENEURSHIP IN SMES - AN INNOVATIVE APPROACH",CLARIFYING THE ENTREPRENEURIAL ORIENTATION CONSTRUCT AND LINKING IT TO PERFORMANCE,Marketing and entrepreneurship in SMEs : an innovative approach,47,26,4,0.114426,0.057971
root_08,root_11,"BARNEY J, 1991, J MANAGE","READ S, 2009, J MARKETING",FIRM RESOURCES AND SUSTAINED COMPETITIVE ADVANTAGE,MARKETING UNDER UNCERTAINTY: THE LOGIC OF AN EFFECTUAL APPROACH,53,25,4,0.109888,0.054054
root_09,root_19,"SARASVATHY SD, 2001, ACAD MANAGE REV","ALQAHTANI N, 2022, J STRATEG MARK",CAUSATION AND EFFECTUATION: TOWARD A THEORETICAL SHIFT FROM ECONOMIC INEVITABILITY TO ENTREPRENEURIAL CONTINGENCY,"ENTREPRENEURIAL MARKETING AND FIRM PERFORMANCE: SCALE DEVELOPMENT, VALIDATION, AND EMPIRICAL TEST",50,27,4,0.108866,0.054795
root_06,root_16,"MATSUNO K, 2002, J MARKETING","GILMORE A, 2011, J RES MARK ENTREP",THE EFFECTS OF ENTREPRENEURIAL PROCLIVITY AND MARKET ORIENTATION ON BUSINESS PERFORMANCE,ENTREPRENEURIAL AND SME MARKETING,24,32,3,0.108253,0.056604
root_04,root_16,"SHANE S, 2000, ACAD MANAGE REV","GILMORE A, 2011, J RES MARK ENTREP",THE PROMISE OF ENTREPRENEURSHIP AS A FIELD OF RESEARCH,ENTREPRENEURIAL AND SME MARKETING,25,32,3,0.106066,0.055556
root_11,root_18,"READ S, 2009, J MARKETING","BECHERER RC, 2012, NEW ENGLAND JOURNAL OF ENTREPRENEURSHIP",MARKETING UNDER UNCERTAINTY: THE LOGIC OF AN EFFECTUAL APPROACH,THE EFFECT OF ENTREPRENEURIAL MARKETING ON OUTCOME GOALS IN SMES,25,33,3,0.104447,0.054545
root_06,root_15,"MATSUNO K, 2002, J MARKETING","HILLS G, 2011, JOURNAL OF SMALL BUSINESS AND ENTREPRENEURSHIP",THE EFFECTS OF ENTREPRENEURIAL PROCLIVITY AND MARKET ORIENTATION ON BUSINESS PERFORMANCE,ACADEMIC ROOTS: THE PAST AND PRESENT OF ENTREPRENEURIAL MARKETING,24,41,3,0.095637,0.048387
root_04,root_15,"SHANE S, 2000, ACAD MANAGE REV","HILLS G, 2011, JOURNAL OF SMALL BUSINESS AND ENTREPRENEURSHIP",THE PROMISE OF ENTREPRENEURSHIP AS A FIELD OF RESEARCH,ACADEMIC ROOTS: THE PAST AND PRESENT OF ENTREPRENEURIAL MARKETING,25,41,3,0.093704,0.047619
root_11,root_15,"READ S, 2009, J MARKETING","HILLS G, 2011, JOURNAL OF SMALL BUSINESS AND ENTREPRENEURSHIP",MARKETING UNDER UNCERTAINTY: THE LOGIC OF AN EFFECTUAL APPROACH,ACADEMIC ROOTS: THE PAST AND PRESENT OF ENTREPRENEURIAL MARKETING,25,41,3,0.093704,0.047619
root_07,root_11,"LUMPKIN GT, 1996, ACAD MANAGE REV","READ S, 2009, J MARKETING",CLARIFYING THE ENTREPRENEURIAL ORIENTATION CONSTRUCT AND LINKING IT TO PERFORMANCE,MARKETING UNDER UNCERTAINTY: THE LOGIC OF AN EFFECTUAL APPROACH,47,25,3,0.087519,0.043478
root_02,root_19,"COLLINSON E, 2001, MANAGEMENT DECISION","ALQAHTANI N, 2022, J STRATEG MARK",ENTREPRENEURIAL MARKETING – A HISTORICAL PERSPECTIVE ON DEVELOPMENT AND PRACTICE,"ENTREPRENEURIAL MARKETING AND FIRM PERFORMANCE: SCALE DEVELOPMENT, VALIDATION, AND EMPIRICAL TEST",84,27,4,0.083992,0.037383
root_17,root_19,"HANSEN DJ, 2010, J RES MARK ENTREP","ALQAHTANI N, 2022, J STRATEG MARK",THE MARKETING/ENTREPRENEURSHIP INTERFACE: A REPORT ON THE “CHARLESTON SUMMIT”,"ENTREPRENEURIAL MARKETING AND FIRM PERFORMANCE: SCALE DEVELOPMENT, VALIDATION, AND EMPIRICAL TEST",24,27,2,0.078567,0.040816
root_10,root_11,"CARSON D, 1995, MARKETING AND ENTREPRENEURSHIP IN SMES - AN INNOVATIVE APPROACH","READ S, 2009, J MARKETING",Marketing and entrepreneurship in SMEs : an innovative approach,MARKETING UNDER UNCERTAINTY: THE LOGIC OF AN EFFECTUAL APPROACH,26,25,2,0.078446,0.040816
root_06,root_18,"MATSUNO K, 2002, J MARKETING","BECHERER RC, 2012, NEW ENGLAND JOURNAL OF ENTREPRENEURSHIP",THE EFFECTS OF ENTREPRENEURIAL PROCLIVITY AND MARKET ORIENTATION ON BUSINESS PERFORMANCE,THE EFFECT OF ENTREPRENEURIAL MARKETING ON OUTCOME GOALS IN SMES,24,33,2,0.071067,0.036364
root_09,root_18,"SARASVATHY SD, 2001, ACAD MANAGE REV","BECHERER RC, 2012, NEW ENGLAND JOURNAL OF ENTREPRENEURSHIP",CAUSATION AND EFFECTUATION: TOWARD A THEORETICAL SHIFT FROM ECONOMIC INEVITABILITY TO ENTREPRENEURIAL CONTINGENCY,THE EFFECT OF ENTREPRENEURIAL MARKETING ON OUTCOME GOALS IN SMES,50,33,2,0.049237,0.024691
root_06,root_19,"MATSUNO K, 2002, J MARKETING","ALQAHTANI N, 2022, J STRATEG MARK",THE EFFECTS OF ENTREPRENEURIAL PROCLIVITY AND MARKET ORIENTATION ON BUSINESS PERFORMANCE,"ENTREPRENEURIAL MARKETING AND FIRM PERFORMANCE: SCALE DEVELOPMENT, VALIDATION, AND EMPIRICAL TEST",24,27,1,0.039284,0.02
root_04,root_10,"SHANE S, 2000, ACAD MANAGE REV","CARSON D, 1995, MARKETING AND ENTREPRENEURSHIP IN SMES - AN INNOVATIVE APPROACH",THE PROMISE OF ENTREPRENEURSHIP AS A FIELD OF RESEARCH,Marketing and entrepreneurship in SMEs : an innovative approach,25,26,1,0.039223,0.02
root_04,root_14,"SHANE S, 2000, ACAD MANAGE REV","KOHLI AK, 1990, J MARKETING",THE PROMISE OF ENTREPRENEURSHIP AS A FIELD OF RESEARCH,"MARKET ORIENTATION: THE CONSTRUCT, RESEARCH PROPOSITIONS, AND MANAGERIAL IMPLICATIONS",25,27,1,0.03849,0.019608
root_04,root_19,"SHANE S, 2000, ACAD MANAGE REV","ALQAHTANI N, 2022, J STRATEG MARK",THE PROMISE OF ENTREPRENEURSHIP AS A FIELD OF RESEARCH,"ENTREPRENEURIAL MARKETING AND FIRM PERFORMANCE: SCALE DEVELOPMENT, VALIDATION, AND EMPIRICAL TEST",25,27,1,0.03849,0.019608
root_04,root_18,"SHANE S, 2000, ACAD MANAGE REV","BECHERER RC, 2012, NEW ENGLAND JOURNAL OF ENTREPRENEURSHIP",THE PROMISE OF ENTREPRENEURSHIP AS A FIELD OF RESEARCH,THE EFFECT OF ENTREPRENEURIAL MARKETING ON OUTCOME GOALS IN SMES,25,33,1,0.034816,0.017544
root_05,root_16,"MILLER D, 1983, MANAGE SCI","GILMORE A, 2011, J RES MARK ENTREP",THE CORRELATES OF ENTREPRENEURSHIP IN THREE TYPES OF FIRMS,ENTREPRENEURIAL AND SME MARKETING,26,32,1,0.034669,0.017544
root_10,root_18,"CARSON D, 1995, MARKETING AND ENTREPRENEURSHIP IN SMES - AN INNOVATIVE APPROACH","BECHERER RC, 2012, NEW ENGLAND JOURNAL OF ENTREPRENEURSHIP",Marketing and entrepreneurship in SMEs : an innovative approach,THE EFFECT OF ENTREPRENEURIAL MARKETING ON OUTCOME GOALS IN SMES,26,33,1,0.034139,0.017241
root_08,root_10,"BARNEY J, 1991, J MANAGE","CARSON D, 1995, MARKETING AND ENTREPRENEURSHIP IN SMES - AN INNOVATIVE APPROACH",FIRM RESOURCES AND SUSTAINED COMPETITIVE ADVANTAGE,Marketing and entrepreneurship in SMEs : an innovative approach,53,26,1,0.026939,0.012821
root_10,root_19,"CARSON D, 1995, MARKETING AND ENTREPRENEURSHIP IN SMES - AN INNOVATIVE APPROACH","ALQAHTANI N, 2022, J STRATEG MARK",Marketing and entrepreneurship in SMEs : an innovative approach,"ENTREPRENEURIAL MARKETING AND FIRM PERFORMANCE: SCALE DEVELOPMENT, VALIDATION, AND EMPIRICAL TEST",26,27,0,0.0,0.0
root_12,root_19,"BJERKE B, 2002, ENTREPRENEURIAL MARK","ALQAHTANI N, 2022, J STRATEG MARK",Entrepreneurial Marketing: The Growth of Small Firms in the New Economic Era,"ENTREPRENEURIAL MARKETING AND FIRM PERFORMANCE: SCALE DEVELOPMENT, VALIDATION, AND EMPIRICAL TEST",43,27,0,0.0,0.0
