source_root_id,target_root_id,source_node_id,target_node_id,source_title,target_title,text_similarity,co_citation_similarity,structural_similarity,combined_similarity
root_06,root_13,"MATSUNO K, 2002, J MARKETING","NARVER JC, 1990, J MARKETING",THE EFFECTS OF ENTREPRENEURIAL PROCLIVITY AND MARKET ORIENTATION ON BUSINESS PERFORMANCE,THE EFFECT OF A MARKET ORIENTATION ON BUSINESS PROFITABILITY,0.39864,0.420579,0.934725,0.513536
root_01,root_03,"MORRIS MH, 2002, J MARKET THEORY PRAC","STOKES D, 2000, J RES MARKETING ENTR",ENTREPRENEURIAL MARKETING: A CONSTRUCT FOR INTEGRATING EMERGING ENTREPRENEURSHIP AND MARKETING PERSPECTIVES,PUTTING ENTREPRENEURSHIP INTO MARKETING: THE PROCESSES OF ENTREPRENEURIAL MARKETING,0.278293,0.549978,0.975834,0.512891
root_01,root_02,"MORRIS MH, 2002, J MARKET THEORY PRAC","COLLINSON E, 2001, MANAGEMENT DECISION",ENTREPRENEURIAL MARKETING: A CONSTRUCT FOR INTEGRATING EMERGING ENTREPRENEURSHIP AND MARKETING PERSPECTIVES,ENTREPRENEURIAL MARKETING – A HISTORICAL PERSPECTIVE ON DEVELOPMENT AND PRACTICE,0.184125,0.551594,0.983501,0.472615
root_06,root_07,"MATSUNO K, 2002, J MARKETING","LUMPKIN GT, 1996, ACAD MANAGE REV",THE EFFECTS OF ENTREPRENEURIAL PROCLIVITY AND MARKET ORIENTATION ON BUSINESS PERFORMANCE,CLARIFYING THE ENTREPRENEURIAL ORIENTATION CONSTRUCT AND LINKING IT TO PERFORMANCE,0.233613,0.387069,0.992374,0.439075
root_13,root_14,"NARVER JC, 1990, J MARKETING","KOHLI AK, 1990, J MARKETING",THE EFFECT OF A MARKET ORIENTATION ON BUSINESS PROFITABILITY,"MARKET ORIENTATION: THE CONSTRUCT, RESEARCH PROPOSITIONS, AND MANAGERIAL IMPLICATIONS",0.141603,0.502266,0.96299,0.432113
root_02,root_03,"COLLINSON E, 2001, MANAGEMENT DECISION","STOKES D, 2000, J RES MARKETING ENTR",ENTREPRENEURIAL MARKETING – A HISTORICAL PERSPECTIVE ON DEVELOPMENT AND PRACTICE,PUTTING ENTREPRENEURSHIP INTO MARKETING: THE PROCESSES OF ENTREPRENEURIAL MARKETING,0.156191,0.451055,0.985293,0.425214
root_07,root_13,"LUMPKIN GT, 1996, ACAD MANAGE REV","NARVER JC, 1990, J MARKETING",CLARIFYING THE ENTREPRENEURIAL ORIENTATION CONSTRUCT AND LINKING IT TO PERFORMANCE,THE EFFECT OF A MARKET ORIENTATION ON BUSINESS PROFITABILITY,0.120294,0.46083,0.931164,0.401656
root_01,root_07,"MORRIS MH, 2002, J MARKET THEORY PRAC","LUMPKIN GT, 1996, ACAD MANAGE REV",ENTREPRENEURIAL MARKETING: A CONSTRUCT FOR INTEGRATING EMERGING ENTREPRENEURSHIP AND MARKETING PERSPECTIVES,CLARIFYING THE ENTREPRENEURIAL ORIENTATION CONSTRUCT AND LINKING IT TO PERFORMANCE,0.135517,0.397815,0.977638,0.395745
root_01,root_15,"MORRIS MH, 2002, J MARKET THEORY PRAC","HILLS G, 2011, JOURNAL OF SMALL BUSINESS AND ENTREPRENEURSHIP",ENTREPRENEURIAL MARKETING: A CONSTRUCT FOR INTEGRATING EMERGING ENTREPRENEURSHIP AND MARKETING PERSPECTIVES,ACADEMIC ROOTS: THE PAST AND PRESENT OF ENTREPRENEURIAL MARKETING,0.225905,0.394764,0.777924,0.39541
root_10,root_12,"CARSON D, 1995, MARKETING AND ENTREPRENEURSHIP IN SMES - AN INNOVATIVE APPROACH","BJERKE B, 2002, ENTREPRENEURIAL MARK",Marketing and entrepreneurship in SMEs : an innovative approach,Entrepreneurial Marketing: The Growth of Small Firms in the New Economic Era,0.102013,0.448611,0.952105,0.393341
root_09,root_11,"SARASVATHY SD, 2001, ACAD MANAGE REV","READ S, 2009, J MARKETING",CAUSATION AND EFFECTUATION: TOWARD A THEORETICAL SHIFT FROM ECONOMIC INEVITABILITY TO ENTREPRENEURIAL CONTINGENCY,MARKETING UNDER UNCERTAINTY: THE LOGIC OF AN EFFECTUAL APPROACH,0.017498,0.537401,0.954727,0.38691
root_01,root_08,"MORRIS MH, 2002, J MARKET THEORY PRAC","BARNEY J, 1991, J MANAGE",ENTREPRENEURIAL MARKETING: A CONSTRUCT FOR INTEGRATING EMERGING ENTREPRENEURSHIP AND MARKETING PERSPECTIVES,FIRM RESOURCES AND SUSTAINED COMPETITIVE ADVANTAGE,0.064938,0.43858,0.979502,0.378626
root_07,root_08,"LUMPKIN GT, 1996, ACAD MANAGE REV","BARNEY J, 1991, J MANAGE",CLARIFYING THE ENTREPRENEURIAL ORIENTATION CONSTRUCT AND LINKING IT TO PERFORMANCE,FIRM RESOURCES AND SUSTAINED COMPETITIVE ADVANTAGE,0.041496,0.46083,0.990478,0.378059
root_12,root_15,"BJERKE B, 2002, ENTREPRENEURIAL MARK","HILLS G, 2011, JOURNAL OF SMALL BUSINESS AND ENTREPRENEURSHIP",Entrepreneurial Marketing: The Growth of Small Firms in the New Economic Era,ACADEMIC ROOTS: THE PAST AND PRESENT OF ENTREPRENEURIAL MARKETING,0.192498,0.333428,0.852341,0.373792
root_06,root_14,"MATSUNO K, 2002, J MARKETING","KOHLI AK, 1990, J MARKETING",THE EFFECTS OF ENTREPRENEURIAL PROCLIVITY AND MARKET ORIENTATION ON BUSINESS PERFORMANCE,"MARKET ORIENTATION: THE CONSTRUCT, RESEARCH PROPOSITIONS, AND MANAGERIAL IMPLICATIONS",0.173111,0.31427,0.907619,0.369418
root_05,root_13,"MILLER D, 1983, MANAGE SCI","NARVER JC, 1990, J MARKETING",THE CORRELATES OF ENTREPRENEURSHIP IN THREE TYPES OF FIRMS,THE EFFECT OF A MARKET ORIENTATION ON BUSINESS PROFITABILITY,0.048514,0.457957,0.932466,0.36861
root_05,root_06,"MILLER D, 1983, MANAGE SCI","MATSUNO K, 2002, J MARKETING",THE CORRELATES OF ENTREPRENEURSHIP IN THREE TYPES OF FIRMS,THE EFFECTS OF ENTREPRENEURIAL PROCLIVITY AND MARKET ORIENTATION ON BUSINESS PERFORMANCE,0.029546,0.440352,0.998082,0.367036
root_01,root_16,"MORRIS MH, 2002, J MARKET THEORY PRAC","GILMORE A, 2011, J RES MARK ENTREP",ENTREPRENEURIAL MARKETING: A CONSTRUCT FOR INTEGRATING EMERGING ENTREPRENEURSHIP AND MARKETING PERSPECTIVES,ENTREPRENEURIAL AND SME MARKETING,0.20371,0.317493,0.815001,0.365792
root_01,root_12,"MORRIS MH, 2002, J MARKET THEORY PRAC","BJERKE B, 2002, ENTREPRENEURIAL MARK",ENTREPRENEURIAL MARKETING: A CONSTRUCT FOR INTEGRATING EMERGING ENTREPRENEURSHIP AND MARKETING PERSPECTIVES,Entrepreneurial Marketing: The Growth of Small Firms in the New Economic Era,0.112737,0.385474,0.898991,0.365446
root_07,root_14,"LUMPKIN GT, 1996, ACAD MANAGE REV","KOHLI AK, 1990, J MARKETING",CLARIFYING THE ENTREPRENEURIAL ORIENTATION CONSTRUCT AND LINKING IT TO PERFORMANCE,"MARKET ORIENTATION: THE CONSTRUCT, RESEARCH PROPOSITIONS, AND MANAGERIAL IMPLICATIONS",0.16279,0.308789,0.908347,0.363001
root_11,root_16,"READ S, 2009, J MARKETING","GILMORE A, 2011, J RES MARK ENTREP",MARKETING UNDER UNCERTAINTY: THE LOGIC OF AN EFFECTUAL APPROACH,ENTREPRENEURIAL AND SME MARKETING,0.198414,0.247487,0.929615,0.36183
root_15,root_16,"HILLS G, 2011, JOURNAL OF SMALL BUSINESS AND ENTREPRENEURSHIP","GILMORE A, 2011, J RES MARK ENTREP",ACADEMIC ROOTS: THE PAST AND PRESENT OF ENTREPRENEURIAL MARKETING,ENTREPRENEURIAL AND SME MARKETING,0.20306,0.248471,0.908745,0.360091
root_01,root_13,"MORRIS MH, 2002, J MARKET THEORY PRAC","NARVER JC, 1990, J MARKETING",ENTREPRENEURIAL MARKETING: A CONSTRUCT FOR INTEGRATING EMERGING ENTREPRENEURSHIP AND MARKETING PERSPECTIVES,THE EFFECT OF A MARKET ORIENTATION ON BUSINESS PROFITABILITY,0.021307,0.465992,0.925259,0.357737
root_05,root_07,"MILLER D, 1983, MANAGE SCI","LUMPKIN GT, 1996, ACAD MANAGE REV",THE CORRELATES OF ENTREPRENEURSHIP IN THREE TYPES OF FIRMS,CLARIFYING THE ENTREPRENEURIAL ORIENTATION CONSTRUCT AND LINKING IT TO PERFORMANCE,0.018292,0.429097,0.99428,0.357271
root_01,root_14,"MORRIS MH, 2002, J MARKET THEORY PRAC","KOHLI AK, 1990, J MARKETING",ENTREPRENEURIAL MARKETING: A CONSTRUCT FOR INTEGRATING EMERGING ENTREPRENEURSHIP AND MARKETING PERSPECTIVES,"MARKET ORIENTATION: THE CONSTRUCT, RESEARCH PROPOSITIONS, AND MANAGERIAL IMPLICATIONS",0.145309,0.32004,0.890716,0.355546
root_02,root_12,"COLLINSON E, 2001, MANAGEMENT DECISION","BJERKE B, 2002, ENTREPRENEURIAL MARK",ENTREPRENEURIAL MARKETING – A HISTORICAL PERSPECTIVE ON DEVELOPMENT AND PRACTICE,Entrepreneurial Marketing: The Growth of Small Firms in the New Economic Era,0.077096,0.399335,0.898101,0.354081
root_15,root_17,"HILLS G, 2011, JOURNAL OF SMALL BUSINESS AND ENTREPRENEURSHIP","HANSEN DJ, 2010, J RES MARK ENTREP",ACADEMIC ROOTS: THE PAST AND PRESENT OF ENTREPRENEURIAL MARKETING,THE MARKETING/ENTREPRENEURSHIP INTERFACE: A REPORT ON THE “CHARLESTON SUMMIT”,0.133933,0.318788,0.910327,0.353911
root_01,root_10,"MORRIS MH, 2002, J MARKET THEORY PRAC","CARSON D, 1995, MARKETING AND ENTREPRENEURSHIP IN SMES - AN INNOVATIVE APPROACH",ENTREPRENEURIAL MARKETING: A CONSTRUCT FOR INTEGRATING EMERGING ENTREPRENEURSHIP AND MARKETING PERSPECTIVES,Marketing and entrepreneurship in SMEs : an innovative approach,0.156494,0.273954,0.937267,0.35376
root_15,root_18,"HILLS G, 2011, JOURNAL OF SMALL BUSINESS AND ENTREPRENEURSHIP","BECHERER RC, 2012, NEW ENGLAND JOURNAL OF ENTREPRENEURSHIP",ACADEMIC ROOTS: THE PAST AND PRESENT OF ENTREPRENEURIAL MARKETING,THE EFFECT OF ENTREPRENEURIAL MARKETING ON OUTCOME GOALS IN SMES,0.088076,0.407795,0.833864,0.349136
root_01,root_09,"MORRIS MH, 2002, J MARKET THEORY PRAC","SARASVATHY SD, 2001, ACAD MANAGE REV",ENTREPRENEURIAL MARKETING: A CONSTRUCT FOR INTEGRATING EMERGING ENTREPRENEURSHIP AND MARKETING PERSPECTIVES,CAUSATION AND EFFECTUATION: TOWARD A THEORETICAL SHIFT FROM ECONOMIC INEVITABILITY TO ENTREPRENEURIAL CONTINGENCY,0.051425,0.395103,0.913208,0.344069
root_03,root_16,"STOKES D, 2000, J RES MARKETING ENTR","GILMORE A, 2011, J RES MARK ENTREP",PUTTING ENTREPRENEURSHIP INTO MARKETING: THE PROCESSES OF ENTREPRENEURIAL MARKETING,ENTREPRENEURIAL AND SME MARKETING,0.26496,0.168645,0.822625,0.342783
root_03,root_15,"STOKES D, 2000, J RES MARKETING ENTR","HILLS G, 2011, JOURNAL OF SMALL BUSINESS AND ENTREPRENEURSHIP",PUTTING ENTREPRENEURSHIP INTO MARKETING: THE PROCESSES OF ENTREPRENEURIAL MARKETING,ACADEMIC ROOTS: THE PAST AND PRESENT OF ENTREPRENEURIAL MARKETING,0.256156,0.198653,0.780414,0.340881
root_02,root_15,"COLLINSON E, 2001, MANAGEMENT DECISION","HILLS G, 2011, JOURNAL OF SMALL BUSINESS AND ENTREPRENEURSHIP",ENTREPRENEURIAL MARKETING – A HISTORICAL PERSPECTIVE ON DEVELOPMENT AND PRACTICE,ACADEMIC ROOTS: THE PAST AND PRESENT OF ENTREPRENEURIAL MARKETING,0.172491,0.306719,0.773654,0.339703
root_01,root_04,"MORRIS MH, 2002, J MARKET THEORY PRAC","SHANE S, 2000, ACAD MANAGE REV",ENTREPRENEURIAL MARKETING: A CONSTRUCT FOR INTEGRATING EMERGING ENTREPRENEURSHIP AND MARKETING PERSPECTIVES,THE PROMISE OF ENTREPRENEURSHIP AS A FIELD OF RESEARCH,0.063868,0.319291,0.979495,0.336391
root_03,root_06,"STOKES D, 2000, J RES MARKETING ENTR","MATSUNO K, 2002, J MARKETING",PUTTING ENTREPRENEURSHIP INTO MARKETING: THE PROCESSES OF ENTREPRENEURIAL MARKETING,THE EFFECTS OF ENTREPRENEURIAL PROCLIVITY AND MARKET ORIENTATION ON BUSINESS PERFORMANCE,0.095906,0.259645,0.986762,0.331386
root_01,root_05,"MORRIS MH, 2002, J MARKET THEORY PRAC","MILLER D, 1983, MANAGE SCI",ENTREPRENEURIAL MARKETING: A CONSTRUCT FOR INTEGRATING EMERGING ENTREPRENEURSHIP AND MARKETING PERSPECTIVES,THE CORRELATES OF ENTREPRENEURSHIP IN THREE TYPES OF FIRMS,0.035052,0.339182,0.979495,0.330386
root_03,root_11,"STOKES D, 2000, J RES MARKETING ENTR","READ S, 2009, J MARKETING",PUTTING ENTREPRENEURSHIP INTO MARKETING: THE PROCESSES OF ENTREPRENEURIAL MARKETING,MARKETING UNDER UNCERTAINTY: THE LOGIC OF AN EFFECTUAL APPROACH,0.175571,0.212,0.880021,0.329211
root_02,root_10,"COLLINSON E, 2001, MANAGEMENT DECISION","CARSON D, 1995, MARKETING AND ENTREPRENEURSHIP IN SMES - AN INNOVATIVE APPROACH",ENTREPRENEURIAL MARKETING – A HISTORICAL PERSPECTIVE ON DEVELOPMENT AND PRACTICE,Marketing and entrepreneurship in SMEs : an innovative approach,0.075575,0.299572,0.943677,0.327594
root_02,root_04,"COLLINSON E, 2001, MANAGEMENT DECISION","SHANE S, 2000, ACAD MANAGE REV",ENTREPRENEURIAL MARKETING – A HISTORICAL PERSPECTIVE ON DEVELOPMENT AND PRACTICE,THE PROMISE OF ENTREPRENEURSHIP AS A FIELD OF RESEARCH,0.0,0.37097,0.974118,0.324663
root_16,root_17,"GILMORE A, 2011, J RES MARK ENTREP","HANSEN DJ, 2010, J RES MARK ENTREP",ENTREPRENEURIAL AND SME MARKETING,THE MARKETING/ENTREPRENEURSHIP INTERFACE: A REPORT ON THE “CHARLESTON SUMMIT”,0.169833,0.180422,0.92099,0.323771
root_03,root_10,"STOKES D, 2000, J RES MARKETING ENTR","CARSON D, 1995, MARKETING AND ENTREPRENEURSHIP IN SMES - AN INNOVATIVE APPROACH",PUTTING ENTREPRENEURSHIP INTO MARKETING: THE PROCESSES OF ENTREPRENEURIAL MARKETING,Marketing and entrepreneurship in SMEs : an innovative approach,0.180604,0.145518,0.957762,0.323756
root_01,root_17,"MORRIS MH, 2002, J MARKET THEORY PRAC","HANSEN DJ, 2010, J RES MARK ENTREP",ENTREPRENEURIAL MARKETING: A CONSTRUCT FOR INTEGRATING EMERGING ENTREPRENEURSHIP AND MARKETING PERSPECTIVES,THE MARKETING/ENTREPRENEURSHIP INTERFACE: A REPORT ON THE “CHARLESTON SUMMIT”,0.133586,0.298719,0.787368,0.322139
root_02,root_16,"COLLINSON E, 2001, MANAGEMENT DECISION","GILMORE A, 2011, J RES MARK ENTREP",ENTREPRENEURIAL MARKETING – A HISTORICAL PERSPECTIVE ON DEVELOPMENT AND PRACTICE,ENTREPRENEURIAL AND SME MARKETING,0.128038,0.289319,0.815005,0.32188
root_10,root_16,"CARSON D, 1995, MARKETING AND ENTREPRENEURSHIP IN SMES - AN INNOVATIVE APPROACH","GILMORE A, 2011, J RES MARK ENTREP",Marketing and entrepreneurship in SMEs : an innovative approach,ENTREPRENEURIAL AND SME MARKETING,0.223256,0.138675,0.855412,0.320084
root_12,root_14,"BJERKE B, 2002, ENTREPRENEURIAL MARK","KOHLI AK, 1990, J MARKETING",Entrepreneurial Marketing: The Growth of Small Firms in the New Economic Era,"MARKET ORIENTATION: THE CONSTRUCT, RESEARCH PROPOSITIONS, AND MANAGERIAL IMPLICATIONS",0.04937,0.322832,0.918267,0.318861
root_01,root_06,"MORRIS MH, 2002, J MARKET THEORY PRAC","MATSUNO K, 2002, J MARKETING",ENTREPRENEURIAL MARKETING: A CONSTRUCT FOR INTEGRATING EMERGING ENTREPRENEURSHIP AND MARKETING PERSPECTIVES,THE EFFECTS OF ENTREPRENEURIAL PROCLIVITY AND MARKET ORIENTATION ON BUSINESS PERFORMANCE,0.038184,0.298719,0.981376,0.31801
root_16,root_18,"GILMORE A, 2011, J RES MARK ENTREP","BECHERER RC, 2012, NEW ENGLAND JOURNAL OF ENTREPRENEURSHIP",ENTREPRENEURIAL AND SME MARKETING,THE EFFECT OF ENTREPRENEURIAL MARKETING ON OUTCOME GOALS IN SMES,0.132026,0.276956,0.805203,0.317387
root_12,root_17,"BJERKE B, 2002, ENTREPRENEURIAL MARK","HANSEN DJ, 2010, J RES MARK ENTREP",Entrepreneurial Marketing: The Growth of Small Firms in the New Economic Era,THE MARKETING/ENTREPRENEURSHIP INTERFACE: A REPORT ON THE “CHARLESTON SUMMIT”,0.123229,0.249029,0.873116,0.317237
root_06,root_11,"MATSUNO K, 2002, J MARKETING","READ S, 2009, J MARKETING",THE EFFECTS OF ENTREPRENEURIAL PROCLIVITY AND MARKET ORIENTATION ON BUSINESS PERFORMANCE,MARKETING UNDER UNCERTAINTY: THE LOGIC OF AN EFFECTUAL APPROACH,0.11783,0.244949,0.88841,0.316437
root_01,root_11,"MORRIS MH, 2002, J MARKET THEORY PRAC","READ S, 2009, J MARKETING",ENTREPRENEURIAL MARKETING: A CONSTRUCT FOR INTEGRATING EMERGING ENTREPRENEURSHIP AND MARKETING PERSPECTIVES,MARKETING UNDER UNCERTAINTY: THE LOGIC OF AN EFFECTUAL APPROACH,0.095868,0.27938,0.871864,0.315297
root_05,root_14,"MILLER D, 1983, MANAGE SCI","KOHLI AK, 1990, J MARKETING",THE CORRELATES OF ENTREPRENEURSHIP IN THREE TYPES OF FIRMS,"MARKET ORIENTATION: THE CONSTRUCT, RESEARCH PROPOSITIONS, AND MANAGERIAL IMPLICATIONS",0.027943,0.339683,0.909363,0.313336
root_02,root_07,"COLLINSON E, 2001, MANAGEMENT DECISION","LUMPKIN GT, 1996, ACAD MANAGE REV",ENTREPRENEURIAL MARKETING – A HISTORICAL PERSPECTIVE ON DEVELOPMENT AND PRACTICE,CLARIFYING THE ENTREPRENEURIAL ORIENTATION CONSTRUCT AND LINKING IT TO PERFORMANCE,0.028794,0.302388,0.968546,0.312502
root_09,root_12,"SARASVATHY SD, 2001, ACAD MANAGE REV","BJERKE B, 2002, ENTREPRENEURIAL MARK",CAUSATION AND EFFECTUATION: TOWARD A THEORETICAL SHIFT FROM ECONOMIC INEVITABILITY TO ENTREPRENEURIAL CONTINGENCY,Entrepreneurial Marketing: The Growth of Small Firms in the New Economic Era,0.107932,0.215666,0.930978,0.310248
root_08,root_13,"BARNEY J, 1991, J MANAGE","NARVER JC, 1990, J MARKETING",FIRM RESOURCES AND SUSTAINED COMPETITIVE ADVANTAGE,THE EFFECT OF A MARKET ORIENTATION ON BUSINESS PROFITABILITY,0.013847,0.339623,0.924862,0.310071
root_03,root_12,"STOKES D, 2000, J RES MARKETING ENTR","BJERKE B, 2002, ENTREPRENEURIAL MARK",PUTTING ENTREPRENEURSHIP INTO MARKETING: THE PROCESSES OF ENTREPRENEURIAL MARKETING,Entrepreneurial Marketing: The Growth of Small Firms in the New Economic Era,0.129091,0.193978,0.911506,0.308285
root_04,root_05,"SHANE S, 2000, ACAD MANAGE REV","MILLER D, 1983, MANAGE SCI",THE PROMISE OF ENTREPRENEURSHIP AS A FIELD OF RESEARCH,THE CORRELATES OF ENTREPRENEURSHIP IN THREE TYPES OF FIRMS,0.054826,0.235339,0.996154,0.306271
root_03,root_09,"STOKES D, 2000, J RES MARKETING ENTR","SARASVATHY SD, 2001, ACAD MANAGE REV",PUTTING ENTREPRENEURSHIP INTO MARKETING: THE PROCESSES OF ENTREPRENEURIAL MARKETING,CAUSATION AND EFFECTUATION: TOWARD A THEORETICAL SHIFT FROM ECONOMIC INEVITABILITY TO ENTREPRENEURIAL CONTINGENCY,0.025101,0.314803,0.921751,0.305827
root_14,root_15,"KOHLI AK, 1990, J MARKETING","HILLS G, 2011, JOURNAL OF SMALL BUSINESS AND ENTREPRENEURSHIP","MARKET ORIENTATION: THE CONSTRUCT, RESEARCH PROPOSITIONS, AND MANAGERIAL IMPLICATIONS",ACADEMIC ROOTS: THE PAST AND PRESENT OF ENTREPRENEURIAL MARKETING,0.06454,0.300557,0.853442,0.304926
root_05,root_12,"MILLER D, 1983, MANAGE SCI","BJERKE B, 2002, ENTREPRENEURIAL MARK",THE CORRELATES OF ENTREPRENEURSHIP IN THREE TYPES OF FIRMS,Entrepreneurial Marketing: The Growth of Small Firms in the New Economic Era,0.082162,0.239259,0.917811,0.304276
root_05,root_08,"MILLER D, 1983, MANAGE SCI","BARNEY J, 1991, J MANAGE",THE CORRELATES OF ENTREPRENEURSHIP IN THREE TYPES OF FIRMS,FIRM RESOURCES AND SUSTAINED COMPETITIVE ADVANTAGE,0.02377,0.269386,0.992344,0.303451
root_03,root_04,"STOKES D, 2000, J RES MARKETING ENTR","SHANE S, 2000, ACAD MANAGE REV",PUTTING ENTREPRENEURSHIP INTO MARKETING: THE PROCESSES OF ENTREPRENEURIAL MARKETING,THE PROMISE OF ENTREPRENEURSHIP AS A FIELD OF RESEARCH,0.037764,0.254399,0.984855,0.303005
root_14,root_17,"KOHLI AK, 1990, J MARKETING","HANSEN DJ, 2010, J RES MARK ENTREP","MARKET ORIENTATION: THE CONSTRUCT, RESEARCH PROPOSITIONS, AND MANAGERIAL IMPLICATIONS",THE MARKETING/ENTREPRENEURSHIP INTERFACE: A REPORT ON THE “CHARLESTON SUMMIT”,0.062895,0.274986,0.879898,0.300528
root_01,root_18,"MORRIS MH, 2002, J MARKET THEORY PRAC","BECHERER RC, 2012, NEW ENGLAND JOURNAL OF ENTREPRENEURSHIP",ENTREPRENEURIAL MARKETING: A CONSTRUCT FOR INTEGRATING EMERGING ENTREPRENEURSHIP AND MARKETING PERSPECTIVES,THE EFFECT OF ENTREPRENEURIAL MARKETING ON OUTCOME GOALS IN SMES,0.085718,0.370543,0.659867,0.300237
root_11,root_17,"READ S, 2009, J MARKETING","HANSEN DJ, 2010, J RES MARK ENTREP",MARKETING UNDER UNCERTAINTY: THE LOGIC OF AN EFFECTUAL APPROACH,THE MARKETING/ENTREPRENEURSHIP INTERFACE: A REPORT ON THE “CHARLESTON SUMMIT”,0.076598,0.244949,0.88171,0.296543
root_03,root_05,"STOKES D, 2000, J RES MARKETING ENTR","MILLER D, 1983, MANAGE SCI",PUTTING ENTREPRENEURSHIP INTO MARKETING: THE PROCESSES OF ENTREPRENEURIAL MARKETING,THE CORRELATES OF ENTREPRENEURSHIP IN THREE TYPES OF FIRMS,0.042909,0.228671,0.984855,0.296315
root_06,root_08,"MATSUNO K, 2002, J MARKETING","BARNEY J, 1991, J MANAGE",THE EFFECTS OF ENTREPRENEURIAL PROCLIVITY AND MARKET ORIENTATION ON BUSINESS PERFORMANCE,FIRM RESOURCES AND SUSTAINED COMPETITIVE ADVANTAGE,0.041717,0.224309,0.990442,0.295369
root_03,root_08,"STOKES D, 2000, J RES MARKETING ENTR","BARNEY J, 1991, J MANAGE",PUTTING ENTREPRENEURSHIP INTO MARKETING: THE PROCESSES OF ENTREPRENEURIAL MARKETING,FIRM RESOURCES AND SUSTAINED COMPETITIVE ADVANTAGE,0.027357,0.247523,0.981089,0.295162
root_02,root_09,"COLLINSON E, 2001, MANAGEMENT DECISION","SARASVATHY SD, 2001, ACAD MANAGE REV",ENTREPRENEURIAL MARKETING – A HISTORICAL PERSPECTIVE ON DEVELOPMENT AND PRACTICE,CAUSATION AND EFFECTUATION: TOWARD A THEORETICAL SHIFT FROM ECONOMIC INEVITABILITY TO ENTREPRENEURIAL CONTINGENCY,0.03597,0.277746,0.908195,0.295037
root_02,root_13,"COLLINSON E, 2001, MANAGEMENT DECISION","NARVER JC, 1990, J MARKETING",ENTREPRENEURIAL MARKETING – A HISTORICAL PERSPECTIVE ON DEVELOPMENT AND PRACTICE,THE EFFECT OF A MARKET ORIENTATION ON BUSINESS PROFITABILITY,0.012481,0.299745,0.916231,0.293773
root_03,root_07,"STOKES D, 2000, J RES MARKETING ENTR","LUMPKIN GT, 1996, ACAD MANAGE REV",PUTTING ENTREPRENEURSHIP INTO MARKETING: THE PROCESSES OF ENTREPRENEURIAL MARKETING,CLARIFYING THE ENTREPRENEURIAL ORIENTATION CONSTRUCT AND LINKING IT TO PERFORMANCE,0.020093,0.247387,0.979222,0.291471
root_12,root_16,"BJERKE B, 2002, ENTREPRENEURIAL MARK","GILMORE A, 2011, J RES MARK ENTREP",Entrepreneurial Marketing: The Growth of Small Firms in the New Economic Era,ENTREPRENEURIAL AND SME MARKETING,0.101672,0.188707,0.893479,0.290496
root_02,root_11,"COLLINSON E, 2001, MANAGEMENT DECISION","READ S, 2009, J MARKETING",ENTREPRENEURIAL MARKETING – A HISTORICAL PERSPECTIVE ON DEVELOPMENT AND PRACTICE,MARKETING UNDER UNCERTAINTY: THE LOGIC OF AN EFFECTUAL APPROACH,0.065331,0.24004,0.867078,0.286828
root_07,root_16,"LUMPKIN GT, 1996, ACAD MANAGE REV","GILMORE A, 2011, J RES MARK ENTREP",CLARIFYING THE ENTREPRENEURIAL ORIENTATION CONSTRUCT AND LINKING IT TO PERFORMANCE,ENTREPRENEURIAL AND SME MARKETING,0.029893,0.309426,0.822733,0.286298
root_07,root_12,"LUMPKIN GT, 1996, ACAD MANAGE REV","BJERKE B, 2002, ENTREPRENEURIAL MARK",CLARIFYING THE ENTREPRENEURIAL ORIENTATION CONSTRUCT AND LINKING IT TO PERFORMANCE,Entrepreneurial Marketing: The Growth of Small Firms in the New Economic Era,0.036177,0.244686,0.912561,0.284432
root_02,root_05,"COLLINSON E, 2001, MANAGEMENT DECISION","MILLER D, 1983, MANAGE SCI",ENTREPRENEURIAL MARKETING – A HISTORICAL PERSPECTIVE ON DEVELOPMENT AND PRACTICE,THE CORRELATES OF ENTREPRENEURSHIP IN THREE TYPES OF FIRMS,0.0,0.256776,0.970371,0.283946
root_10,root_15,"CARSON D, 1995, MARKETING AND ENTREPRENEURSHIP IN SMES - AN INNOVATIVE APPROACH","HILLS G, 2011, JOURNAL OF SMALL BUSINESS AND ENTREPRENEURSHIP",Marketing and entrepreneurship in SMEs : an innovative approach,ACADEMIC ROOTS: THE PAST AND PRESENT OF ENTREPRENEURIAL MARKETING,0.148904,0.153141,0.811518,0.28291
root_11,root_13,"READ S, 2009, J MARKETING","NARVER JC, 1990, J MARKETING",MARKETING UNDER UNCERTAINTY: THE LOGIC OF AN EFFECTUAL APPROACH,THE EFFECT OF A MARKET ORIENTATION ON BUSINESS PROFITABILITY,0.08122,0.192305,0.888164,0.281488
root_12,root_13,"BJERKE B, 2002, ENTREPRENEURIAL MARK","NARVER JC, 1990, J MARKETING",Entrepreneurial Marketing: The Growth of Small Firms in the New Economic Era,THE EFFECT OF A MARKET ORIENTATION ON BUSINESS PROFITABILITY,0.020444,0.251367,0.919304,0.281039
root_03,root_14,"STOKES D, 2000, J RES MARKETING ENTR","KOHLI AK, 1990, J MARKETING",PUTTING ENTREPRENEURSHIP INTO MARKETING: THE PROCESSES OF ENTREPRENEURIAL MARKETING,"MARKET ORIENTATION: THE CONSTRUCT, RESEARCH PROPOSITIONS, AND MANAGERIAL IMPLICATIONS",0.083978,0.183597,0.894886,0.281026
root_06,root_09,"MATSUNO K, 2002, J MARKETING","SARASVATHY SD, 2001, ACAD MANAGE REV",THE EFFECTS OF ENTREPRENEURIAL PROCLIVITY AND MARKET ORIENTATION ON BUSINESS PERFORMANCE,CAUSATION AND EFFECTUATION: TOWARD A THEORETICAL SHIFT FROM ECONOMIC INEVITABILITY TO ENTREPRENEURIAL CONTINGENCY,0.028763,0.23094,0.930538,0.27988
root_03,root_13,"STOKES D, 2000, J RES MARKETING ENTR","NARVER JC, 1990, J MARKETING",PUTTING ENTREPRENEURSHIP INTO MARKETING: THE PROCESSES OF ENTREPRENEURIAL MARKETING,THE EFFECT OF A MARKET ORIENTATION ON BUSINESS PROFITABILITY,0.084733,0.160162,0.92189,0.278565
root_13,root_15,"NARVER JC, 1990, J MARKETING","HILLS G, 2011, JOURNAL OF SMALL BUSINESS AND ENTREPRENEURSHIP",THE EFFECT OF A MARKET ORIENTATION ON BUSINESS PROFITABILITY,ACADEMIC ROOTS: THE PAST AND PRESENT OF ENTREPRENEURIAL MARKETING,0.063597,0.235973,0.832066,0.277622
root_04,root_09,"SHANE S, 2000, ACAD MANAGE REV","SARASVATHY SD, 2001, ACAD MANAGE REV",THE PROMISE OF ENTREPRENEURSHIP AS A FIELD OF RESEARCH,CAUSATION AND EFFECTUATION: TOWARD A THEORETICAL SHIFT FROM ECONOMIC INEVITABILITY TO ENTREPRENEURIAL CONTINGENCY,0.0,0.254558,0.9282,0.274735
root_10,root_14,"CARSON D, 1995, MARKETING AND ENTREPRENEURSHIP IN SMES - AN INNOVATIVE APPROACH","KOHLI AK, 1990, J MARKETING",Marketing and entrepreneurship in SMEs : an innovative approach,"MARKET ORIENTATION: THE CONSTRUCT, RESEARCH PROPOSITIONS, AND MANAGERIAL IMPLICATIONS",0.047084,0.188713,0.930553,0.273348
root_02,root_06,"COLLINSON E, 2001, MANAGEMENT DECISION","MATSUNO K, 2002, J MARKETING",ENTREPRENEURIAL MARKETING – A HISTORICAL PERSPECTIVE ON DEVELOPMENT AND PRACTICE,THE EFFECTS OF ENTREPRENEURIAL PROCLIVITY AND MARKET ORIENTATION ON BUSINESS PERFORMANCE,0.053693,0.155902,0.97225,0.273178
root_03,root_17,"STOKES D, 2000, J RES MARKETING ENTR","HANSEN DJ, 2010, J RES MARK ENTREP",PUTTING ENTREPRENEURSHIP INTO MARKETING: THE PROCESSES OF ENTREPRENEURIAL MARKETING,THE MARKETING/ENTREPRENEURSHIP INTERFACE: A REPORT ON THE “CHARLESTON SUMMIT”,0.118022,0.173097,0.794733,0.272641
root_12,root_18,"BJERKE B, 2002, ENTREPRENEURIAL MARK","BECHERER RC, 2012, NEW ENGLAND JOURNAL OF ENTREPRENEURSHIP",Entrepreneurial Marketing: The Growth of Small Firms in the New Economic Era,THE EFFECT OF ENTREPRENEURIAL MARKETING ON OUTCOME GOALS IN SMES,0.053979,0.292013,0.727426,0.27198
root_02,root_08,"COLLINSON E, 2001, MANAGEMENT DECISION","BARNEY J, 1991, J MANAGE",ENTREPRENEURIAL MARKETING – A HISTORICAL PERSPECTIVE ON DEVELOPMENT AND PRACTICE,FIRM RESOURCES AND SUSTAINED COMPETITIVE ADVANTAGE,0.0,0.209822,0.970392,0.267516
root_05,root_10,"MILLER D, 1983, MANAGE SCI","CARSON D, 1995, MARKETING AND ENTREPRENEURSHIP IN SMES - AN INNOVATIVE APPROACH",THE CORRELATES OF ENTREPRENEURSHIP IN THREE TYPES OF FIRMS,Marketing and entrepreneurship in SMEs : an innovative approach,0.048947,0.153846,0.956888,0.26725
root_05,root_17,"MILLER D, 1983, MANAGE SCI","HANSEN DJ, 2010, J RES MARK ENTREP",THE CORRELATES OF ENTREPRENEURSHIP IN THREE TYPES OF FIRMS,THE MARKETING/ENTREPRENEURSHIP INTERFACE: A REPORT ON THE “CHARLESTON SUMMIT”,0.048652,0.240192,0.803851,0.266731
root_04,root_11,"SHANE S, 2000, ACAD MANAGE REV","READ S, 2009, J MARKETING",THE PROMISE OF ENTREPRENEURSHIP AS A FIELD OF RESEARCH,MARKETING UNDER UNCERTAINTY: THE LOGIC OF AN EFFECTUAL APPROACH,0.011789,0.24,0.885796,0.266464
root_04,root_07,"SHANE S, 2000, ACAD MANAGE REV","LUMPKIN GT, 1996, ACAD MANAGE REV",THE PROMISE OF ENTREPRENEURSHIP AS A FIELD OF RESEARCH,CLARIFYING THE ENTREPRENEURIAL ORIENTATION CONSTRUCT AND LINKING IT TO PERFORMANCE,0.037935,0.145865,0.990456,0.266215
root_14,root_16,"KOHLI AK, 1990, J MARKETING","GILMORE A, 2011, J RES MARK ENTREP","MARKET ORIENTATION: THE CONSTRUCT, RESEARCH PROPOSITIONS, AND MANAGERIAL IMPLICATIONS",ENTREPRENEURIAL AND SME MARKETING,0.103315,0.136083,0.86046,0.266213
root_07,root_09,"LUMPKIN GT, 1996, ACAD MANAGE REV","SARASVATHY SD, 2001, ACAD MANAGE REV",CLARIFYING THE ENTREPRENEURIAL ORIENTATION CONSTRUCT AND LINKING IT TO PERFORMANCE,CAUSATION AND EFFECTUATION: TOWARD A THEORETICAL SHIFT FROM ECONOMIC INEVITABILITY TO ENTREPRENEURIAL CONTINGENCY,0.050593,0.165027,0.922891,0.265105
root_13,root_16,"NARVER JC, 1990, J MARKETING","GILMORE A, 2011, J RES MARK ENTREP",THE EFFECT OF A MARKET ORIENTATION ON BUSINESS PROFITABILITY,ENTREPRENEURIAL AND SME MARKETING,0.044365,0.218539,0.843152,0.265083
root_08,root_12,"BARNEY J, 1991, J MANAGE","BJERKE B, 2002, ENTREPRENEURIAL MARK",FIRM RESOURCES AND SUSTAINED COMPETITIVE ADVANTAGE,Entrepreneurial Marketing: The Growth of Small Firms in the New Economic Era,0.0516,0.167578,0.914301,0.264733
root_11,root_12,"READ S, 2009, J MARKETING","BJERKE B, 2002, ENTREPRENEURIAL MARK",MARKETING UNDER UNCERTAINTY: THE LOGIC OF AN EFFECTUAL APPROACH,Entrepreneurial Marketing: The Growth of Small Firms in the New Economic Era,0.037505,0.182998,0.914471,0.263821
root_08,root_15,"BARNEY J, 1991, J MANAGE","HILLS G, 2011, JOURNAL OF SMALL BUSINESS AND ENTREPRENEURSHIP",FIRM RESOURCES AND SUSTAINED COMPETITIVE ADVANTAGE,ACADEMIC ROOTS: THE PAST AND PRESENT OF ENTREPRENEURIAL MARKETING,0.019351,0.278878,0.786348,0.263585
root_09,root_17,"SARASVATHY SD, 2001, ACAD MANAGE REV","HANSEN DJ, 2010, J RES MARK ENTREP",CAUSATION AND EFFECTUATION: TOWARD A THEORETICAL SHIFT FROM ECONOMIC INEVITABILITY TO ENTREPRENEURIAL CONTINGENCY,THE MARKETING/ENTREPRENEURSHIP INTERFACE: A REPORT ON THE “CHARLESTON SUMMIT”,0.018237,0.23094,0.857098,0.260455
root_04,root_08,"SHANE S, 2000, ACAD MANAGE REV","BARNEY J, 1991, J MANAGE",THE PROMISE OF ENTREPRENEURSHIP AS A FIELD OF RESEARCH,FIRM RESOURCES AND SUSTAINED COMPETITIVE ADVANTAGE,0.029568,0.137361,0.992344,0.25985
root_07,root_19,"LUMPKIN GT, 1996, ACAD MANAGE REV","ALQAHTANI N, 2022, J STRATEG MARK",CLARIFYING THE ENTREPRENEURIAL ORIENTATION CONSTRUCT AND LINKING IT TO PERFORMANCE,"ENTREPRENEURIAL MARKETING AND FIRM PERFORMANCE: SCALE DEVELOPMENT, VALIDATION, AND EMPIRICAL TEST",0.238191,0.224574,0.369976,0.259782
root_11,root_14,"READ S, 2009, J MARKETING","KOHLI AK, 1990, J MARKETING",MARKETING UNDER UNCERTAINTY: THE LOGIC OF AN EFFECTUAL APPROACH,"MARKET ORIENTATION: THE CONSTRUCT, RESEARCH PROPOSITIONS, AND MANAGERIAL IMPLICATIONS",0.089789,0.11547,0.88919,0.258657
root_03,root_18,"STOKES D, 2000, J RES MARKETING ENTR","BECHERER RC, 2012, NEW ENGLAND JOURNAL OF ENTREPRENEURSHIP",PUTTING ENTREPRENEURSHIP INTO MARKETING: THE PROCESSES OF ENTREPRENEURIAL MARKETING,THE EFFECT OF ENTREPRENEURIAL MARKETING ON OUTCOME GOALS IN SMES,0.118226,0.202974,0.66604,0.257451
root_09,root_15,"SARASVATHY SD, 2001, ACAD MANAGE REV","HILLS G, 2011, JOURNAL OF SMALL BUSINESS AND ENTREPRENEURSHIP",CAUSATION AND EFFECTUATION: TOWARD A THEORETICAL SHIFT FROM ECONOMIC INEVITABILITY TO ENTREPRENEURIAL CONTINGENCY,ACADEMIC ROOTS: THE PAST AND PRESENT OF ENTREPRENEURIAL MARKETING,0.062649,0.17669,0.836276,0.257289
root_09,root_16,"SARASVATHY SD, 2001, ACAD MANAGE REV","GILMORE A, 2011, J RES MARK ENTREP",CAUSATION AND EFFECTUATION: TOWARD A THEORETICAL SHIFT FROM ECONOMIC INEVITABILITY TO ENTREPRENEURIAL CONTINGENCY,ENTREPRENEURIAL AND SME MARKETING,0.021285,0.2,0.887529,0.257084
root_13,root_17,"NARVER JC, 1990, J MARKETING","HANSEN DJ, 2010, J RES MARK ENTREP",THE EFFECT OF A MARKET ORIENTATION ON BUSINESS PROFITABILITY,THE MARKETING/ENTREPRENEURSHIP INTERFACE: A REPORT ON THE “CHARLESTON SUMMIT”,0.063177,0.168232,0.847333,0.256777
root_08,root_09,"BARNEY J, 1991, J MANAGE","SARASVATHY SD, 2001, ACAD MANAGE REV",FIRM RESOURCES AND SUSTAINED COMPETITIVE ADVANTAGE,CAUSATION AND EFFECTUATION: TOWARD A THEORETICAL SHIFT FROM ECONOMIC INEVITABILITY TO ENTREPRENEURIAL CONTINGENCY,0.008401,0.194257,0.924651,0.2567
root_02,root_14,"COLLINSON E, 2001, MANAGEMENT DECISION","KOHLI AK, 1990, J MARKETING",ENTREPRENEURIAL MARKETING – A HISTORICAL PERSPECTIVE ON DEVELOPMENT AND PRACTICE,"MARKET ORIENTATION: THE CONSTRUCT, RESEARCH PROPOSITIONS, AND MANAGERIAL IMPLICATIONS",0.028606,0.188982,0.881725,0.255362
root_10,root_17,"CARSON D, 1995, MARKETING AND ENTREPRENEURSHIP IN SMES - AN INNOVATIVE APPROACH","HANSEN DJ, 2010, J RES MARK ENTREP",Marketing and entrepreneurship in SMEs : an innovative approach,THE MARKETING/ENTREPRENEURSHIP INTERFACE: A REPORT ON THE “CHARLESTON SUMMIT”,0.102603,0.120096,0.831298,0.254465
root_07,root_15,"LUMPKIN GT, 1996, ACAD MANAGE REV","HILLS G, 2011, JOURNAL OF SMALL BUSINESS AND ENTREPRENEURSHIP",CLARIFYING THE ENTREPRENEURIAL ORIENTATION CONSTRUCT AND LINKING IT TO PERFORMANCE,ACADEMIC ROOTS: THE PAST AND PRESENT OF ENTREPRENEURIAL MARKETING,0.039005,0.227803,0.784852,0.254254
root_14,root_18,"KOHLI AK, 1990, J MARKETING","BECHERER RC, 2012, NEW ENGLAND JOURNAL OF ENTREPRENEURSHIP","MARKET ORIENTATION: THE CONSTRUCT, RESEARCH PROPOSITIONS, AND MANAGERIAL IMPLICATIONS",THE EFFECT OF ENTREPRENEURIAL MARKETING ON OUTCOME GOALS IN SMES,0.025882,0.26801,0.737414,0.252933
root_04,root_13,"SHANE S, 2000, ACAD MANAGE REV","NARVER JC, 1990, J MARKETING",THE PROMISE OF ENTREPRENEURSHIP AS A FIELD OF RESEARCH,THE EFFECT OF A MARKET ORIENTATION ON BUSINESS PROFITABILITY,0.03955,0.137361,0.932466,0.252367
root_08,root_17,"BARNEY J, 1991, J MANAGE","HANSEN DJ, 2010, J RES MARK ENTREP",FIRM RESOURCES AND SUSTAINED COMPETITIVE ADVANTAGE,THE MARKETING/ENTREPRENEURSHIP INTERFACE: A REPORT ON THE “CHARLESTON SUMMIT”,0.02891,0.224309,0.800777,0.251673
root_04,root_14,"SHANE S, 2000, ACAD MANAGE REV","KOHLI AK, 1990, J MARKETING",THE PROMISE OF ENTREPRENEURSHIP AS A FIELD OF RESEARCH,"MARKET ORIENTATION: THE CONSTRUCT, RESEARCH PROPOSITIONS, AND MANAGERIAL IMPLICATIONS",0.124949,0.03849,0.905153,0.250729
root_08,root_14,"BARNEY J, 1991, J MANAGE","KOHLI AK, 1990, J MARKETING",FIRM RESOURCES AND SUSTAINED COMPETITIVE ADVANTAGE,"MARKET ORIENTATION: THE CONSTRUCT, RESEARCH PROPOSITIONS, AND MANAGERIAL IMPLICATIONS",0.032474,0.15861,0.901691,0.250465
root_10,root_13,"CARSON D, 1995, MARKETING AND ENTREPRENEURSHIP IN SMES - AN INNOVATIVE APPROACH","NARVER JC, 1990, J MARKETING",Marketing and entrepreneurship in SMEs : an innovative approach,THE EFFECT OF A MARKET ORIENTATION ON BUSINESS PROFITABILITY,0.014047,0.161632,0.937793,0.250451
root_08,root_16,"BARNEY J, 1991, J MANAGE","GILMORE A, 2011, J RES MARK ENTREP",FIRM RESOURCES AND SUSTAINED COMPETITIVE ADVANTAGE,ENTREPRENEURIAL AND SME MARKETING,0.018121,0.218539,0.824302,0.249504
root_11,root_15,"READ S, 2009, J MARKETING","HILLS G, 2011, JOURNAL OF SMALL BUSINESS AND ENTREPRENEURSHIP",MARKETING UNDER UNCERTAINTY: THE LOGIC OF AN EFFECTUAL APPROACH,ACADEMIC ROOTS: THE PAST AND PRESENT OF ENTREPRENEURIAL MARKETING,0.10184,0.093704,0.85417,0.249458
root_10,root_11,"CARSON D, 1995, MARKETING AND ENTREPRENEURSHIP IN SMES - AN INNOVATIVE APPROACH","READ S, 2009, J MARKETING",Marketing and entrepreneurship in SMEs : an innovative approach,MARKETING UNDER UNCERTAINTY: THE LOGIC OF AN EFFECTUAL APPROACH,0.090506,0.078446,0.901768,0.248537
root_06,root_10,"MATSUNO K, 2002, J MARKETING","CARSON D, 1995, MARKETING AND ENTREPRENEURSHIP IN SMES - AN INNOVATIVE APPROACH",THE EFFECTS OF ENTREPRENEURIAL PROCLIVITY AND MARKET ORIENTATION ON BUSINESS PERFORMANCE,Marketing and entrepreneurship in SMEs : an innovative approach,0.0,0.160128,0.955053,0.247055
root_04,root_06,"SHANE S, 2000, ACAD MANAGE REV","MATSUNO K, 2002, J MARKETING",THE PROMISE OF ENTREPRENEURSHIP AS A FIELD OF RESEARCH,THE EFFECTS OF ENTREPRENEURIAL PROCLIVITY AND MARKET ORIENTATION ON BUSINESS PERFORMANCE,0.011202,0.122474,0.994244,0.246756
root_17,root_18,"HANSEN DJ, 2010, J RES MARK ENTREP","BECHERER RC, 2012, NEW ENGLAND JOURNAL OF ENTREPRENEURSHIP",THE MARKETING/ENTREPRENEURSHIP INTERFACE: A REPORT ON THE “CHARLESTON SUMMIT”,THE EFFECT OF ENTREPRENEURIAL MARKETING ON OUTCOME GOALS IN SMES,0.04261,0.177667,0.826077,0.246573
root_05,root_11,"MILLER D, 1983, MANAGE SCI","READ S, 2009, J MARKETING",THE CORRELATES OF ENTREPRENEURSHIP IN THREE TYPES OF FIRMS,MARKETING UNDER UNCERTAINTY: THE LOGIC OF AN EFFECTUAL APPROACH,0.06239,0.11767,0.885796,0.246419
root_07,root_17,"LUMPKIN GT, 1996, ACAD MANAGE REV","HANSEN DJ, 2010, J RES MARK ENTREP",CLARIFYING THE ENTREPRENEURIAL ORIENTATION CONSTRUCT AND LINKING IT TO PERFORMANCE,THE MARKETING/ENTREPRENEURSHIP INTERFACE: A REPORT ON THE “CHARLESTON SUMMIT”,0.026891,0.208422,0.799253,0.244899
root_05,root_09,"MILLER D, 1983, MANAGE SCI","SARASVATHY SD, 2001, ACAD MANAGE REV",THE CORRELATES OF ENTREPRENEURSHIP IN THREE TYPES OF FIRMS,CAUSATION AND EFFECTUATION: TOWARD A THEORETICAL SHIFT FROM ECONOMIC INEVITABILITY TO ENTREPRENEURIAL CONTINGENCY,0.0,0.16641,0.9282,0.243884
root_07,root_18,"LUMPKIN GT, 1996, ACAD MANAGE REV","BECHERER RC, 2012, NEW ENGLAND JOURNAL OF ENTREPRENEURSHIP",CLARIFYING THE ENTREPRENEURIAL ORIENTATION CONSTRUCT AND LINKING IT TO PERFORMANCE,THE EFFECT OF ENTREPRENEURIAL MARKETING ON OUTCOME GOALS IN SMES,0.025472,0.27931,0.669828,0.243187
root_05,root_15,"MILLER D, 1983, MANAGE SCI","HILLS G, 2011, JOURNAL OF SMALL BUSINESS AND ENTREPRENEURSHIP",THE CORRELATES OF ENTREPRENEURSHIP IN THREE TYPES OF FIRMS,ACADEMIC ROOTS: THE PAST AND PRESENT OF ENTREPRENEURIAL MARKETING,0.045796,0.183769,0.789367,0.242801
root_06,root_12,"MATSUNO K, 2002, J MARKETING","BJERKE B, 2002, ENTREPRENEURIAL MARK",THE EFFECTS OF ENTREPRENEURIAL PROCLIVITY AND MARKET ORIENTATION ON BUSINESS PERFORMANCE,Entrepreneurial Marketing: The Growth of Small Firms in the New Economic Era,0.034703,0.124515,0.916051,0.242407
root_02,root_17,"COLLINSON E, 2001, MANAGEMENT DECISION","HANSEN DJ, 2010, J RES MARK ENTREP",ENTREPRENEURIAL MARKETING – A HISTORICAL PERSPECTIVE ON DEVELOPMENT AND PRACTICE,THE MARKETING/ENTREPRENEURSHIP INTERFACE: A REPORT ON THE “CHARLESTON SUMMIT”,0.083743,0.133631,0.783045,0.241064
root_07,root_10,"LUMPKIN GT, 1996, ACAD MANAGE REV","CARSON D, 1995, MARKETING AND ENTREPRENEURSHIP IN SMES - AN INNOVATIVE APPROACH",CLARIFYING THE ENTREPRENEURIAL ORIENTATION CONSTRUCT AND LINKING IT TO PERFORMANCE,Marketing and entrepreneurship in SMEs : an innovative approach,0.018473,0.114426,0.951415,0.238645
root_04,root_12,"SHANE S, 2000, ACAD MANAGE REV","BJERKE B, 2002, ENTREPRENEURIAL MARK",THE PROMISE OF ENTREPRENEURSHIP AS A FIELD OF RESEARCH,Entrepreneurial Marketing: The Growth of Small Firms in the New Economic Era,0.027057,0.121999,0.917811,0.238438
root_09,root_14,"SARASVATHY SD, 2001, ACAD MANAGE REV","KOHLI AK, 1990, J MARKETING",CAUSATION AND EFFECTUATION: TOWARD A THEORETICAL SHIFT FROM ECONOMIC INEVITABILITY TO ENTREPRENEURIAL CONTINGENCY,"MARKET ORIENTATION: THE CONSTRUCT, RESEARCH PROPOSITIONS, AND MANAGERIAL IMPLICATIONS",0.0,0.163299,0.903121,0.237779
root_02,root_18,"COLLINSON E, 2001, MANAGEMENT DECISION","BECHERER RC, 2012, NEW ENGLAND JOURNAL OF ENTREPRENEURSHIP",ENTREPRENEURIAL MARKETING – A HISTORICAL PERSPECTIVE ON DEVELOPMENT AND PRACTICE,THE EFFECT OF ENTREPRENEURIAL MARKETING ON OUTCOME GOALS IN SMES,0.055719,0.227921,0.656245,0.236095
root_09,root_10,"SARASVATHY SD, 2001, ACAD MANAGE REV","CARSON D, 1995, MARKETING AND ENTREPRENEURSHIP IN SMES - AN INNOVATIVE APPROACH",CAUSATION AND EFFECTUATION: TOWARD A THEORETICAL SHIFT FROM ECONOMIC INEVITABILITY TO ENTREPRENEURIAL CONTINGENCY,Marketing and entrepreneurship in SMEs : an innovative approach,0.0,0.138675,0.9288,0.234296
root_08,root_18,"BARNEY J, 1991, J MANAGE","BECHERER RC, 2012, NEW ENGLAND JOURNAL OF ENTREPRENEURSHIP",FIRM RESOURCES AND SUSTAINED COMPETITIVE ADVANTAGE,THE EFFECT OF ENTREPRENEURIAL MARKETING ON OUTCOME GOALS IN SMES,0.014941,0.263025,0.671105,0.233003
root_06,root_17,"MATSUNO K, 2002, J MARKETING","HANSEN DJ, 2010, J RES MARK ENTREP",THE EFFECTS OF ENTREPRENEURIAL PROCLIVITY AND MARKET ORIENTATION ON BUSINESS PERFORMANCE,THE MARKETING/ENTREPRENEURSHIP INTERFACE: A REPORT ON THE “CHARLESTON SUMMIT”,0.055978,0.125,0.80231,0.229402
root_06,root_15,"MATSUNO K, 2002, J MARKETING","HILLS G, 2011, JOURNAL OF SMALL BUSINESS AND ENTREPRENEURSHIP",THE EFFECTS OF ENTREPRENEURIAL PROCLIVITY AND MARKET ORIENTATION ON BUSINESS PERFORMANCE,ACADEMIC ROOTS: THE PAST AND PRESENT OF ENTREPRENEURIAL MARKETING,0.082692,0.095637,0.787853,0.228255
root_09,root_13,"SARASVATHY SD, 2001, ACAD MANAGE REV","NARVER JC, 1990, J MARKETING",CAUSATION AND EFFECTUATION: TOWARD A THEORETICAL SHIFT FROM ECONOMIC INEVITABILITY TO ENTREPRENEURIAL CONTINGENCY,THE EFFECT OF A MARKET ORIENTATION ON BUSINESS PROFITABILITY,0.0,0.13598,0.900136,0.22762
root_04,root_15,"SHANE S, 2000, ACAD MANAGE REV","HILLS G, 2011, JOURNAL OF SMALL BUSINESS AND ENTREPRENEURSHIP",THE PROMISE OF ENTREPRENEURSHIP AS A FIELD OF RESEARCH,ACADEMIC ROOTS: THE PAST AND PRESENT OF ENTREPRENEURIAL MARKETING,0.071188,0.093704,0.789367,0.222705
root_13,root_18,"NARVER JC, 1990, J MARKETING","BECHERER RC, 2012, NEW ENGLAND JOURNAL OF ENTREPRENEURSHIP",THE EFFECT OF A MARKET ORIENTATION ON BUSINESS PROFITABILITY,THE EFFECT OF ENTREPRENEURIAL MARKETING ON OUTCOME GOALS IN SMES,0.010519,0.215203,0.710122,0.222079
root_06,root_16,"MATSUNO K, 2002, J MARKETING","GILMORE A, 2011, J RES MARK ENTREP",THE EFFECTS OF ENTREPRENEURIAL PROCLIVITY AND MARKET ORIENTATION ON BUSINESS PERFORMANCE,ENTREPRENEURIAL AND SME MARKETING,0.042164,0.108253,0.825879,0.222038
root_04,root_16,"SHANE S, 2000, ACAD MANAGE REV","GILMORE A, 2011, J RES MARK ENTREP",THE PROMISE OF ENTREPRENEURSHIP AS A FIELD OF RESEARCH,ENTREPRENEURIAL AND SME MARKETING,0.042976,0.106066,0.827466,0.221956
root_08,root_11,"BARNEY J, 1991, J MANAGE","READ S, 2009, J MARKETING",FIRM RESOURCES AND SUSTAINED COMPETITIVE ADVANTAGE,MARKETING UNDER UNCERTAINTY: THE LOGIC OF AN EFFECTUAL APPROACH,0.006269,0.109888,0.882408,0.217764
root_04,root_10,"SHANE S, 2000, ACAD MANAGE REV","CARSON D, 1995, MARKETING AND ENTREPRENEURSHIP IN SMES - AN INNOVATIVE APPROACH",THE PROMISE OF ENTREPRENEURSHIP AS A FIELD OF RESEARCH,Marketing and entrepreneurship in SMEs : an innovative approach,0.027947,0.039223,0.956888,0.217682
root_13,root_19,"NARVER JC, 1990, J MARKETING","ALQAHTANI N, 2022, J STRATEG MARK",THE EFFECT OF A MARKET ORIENTATION ON BUSINESS PROFITABILITY,"ENTREPRENEURIAL MARKETING AND FIRM PERFORMANCE: SCALE DEVELOPMENT, VALIDATION, AND EMPIRICAL TEST",0.185982,0.15861,0.392232,0.217652
root_04,root_17,"SHANE S, 2000, ACAD MANAGE REV","HANSEN DJ, 2010, J RES MARK ENTREP",THE PROMISE OF ENTREPRENEURSHIP AS A FIELD OF RESEARCH,THE MARKETING/ENTREPRENEURSHIP INTERFACE: A REPORT ON THE “CHARLESTON SUMMIT”,0.029774,0.122474,0.803851,0.217034
root_07,root_11,"LUMPKIN GT, 1996, ACAD MANAGE REV","READ S, 2009, J MARKETING",CLARIFYING THE ENTREPRENEURIAL ORIENTATION CONSTRUCT AND LINKING IT TO PERFORMANCE,MARKETING UNDER UNCERTAINTY: THE LOGIC OF AN EFFECTUAL APPROACH,0.020168,0.087519,0.880729,0.215853
root_08,root_19,"BARNEY J, 1991, J MANAGE","ALQAHTANI N, 2022, J STRATEG MARK",FIRM RESOURCES AND SUSTAINED COMPETITIVE ADVANTAGE,"ENTREPRENEURIAL MARKETING AND FIRM PERFORMANCE: SCALE DEVELOPMENT, VALIDATION, AND EMPIRICAL TEST",0.148959,0.21148,0.370681,0.215186
root_06,root_19,"MATSUNO K, 2002, J MARKETING","ALQAHTANI N, 2022, J STRATEG MARK",THE EFFECTS OF ENTREPRENEURIAL PROCLIVITY AND MARKET ORIENTATION ON BUSINESS PERFORMANCE,"ENTREPRENEURIAL MARKETING AND FIRM PERFORMANCE: SCALE DEVELOPMENT, VALIDATION, AND EMPIRICAL TEST",0.279846,0.039284,0.371391,0.213958
root_11,root_18,"READ S, 2009, J MARKETING","BECHERER RC, 2012, NEW ENGLAND JOURNAL OF ENTREPRENEURSHIP",MARKETING UNDER UNCERTAINTY: THE LOGIC OF AN EFFECTUAL APPROACH,THE EFFECT OF ENTREPRENEURIAL MARKETING ON OUTCOME GOALS IN SMES,0.036423,0.104447,0.756846,0.204316
root_08,root_10,"BARNEY J, 1991, J MANAGE","CARSON D, 1995, MARKETING AND ENTREPRENEURSHIP IN SMES - AN INNOVATIVE APPROACH",FIRM RESOURCES AND SUSTAINED COMPETITIVE ADVANTAGE,Marketing and entrepreneurship in SMEs : an innovative approach,0.008825,0.026939,0.953229,0.204046
root_05,root_18,"MILLER D, 1983, MANAGE SCI","BECHERER RC, 2012, NEW ENGLAND JOURNAL OF ENTREPRENEURSHIP",THE CORRELATES OF ENTREPRENEURSHIP IN THREE TYPES OF FIRMS,THE EFFECT OF ENTREPRENEURIAL MARKETING ON OUTCOME GOALS IN SMES,0.01655,0.170697,0.673681,0.201927
root_18,root_19,"BECHERER RC, 2012, NEW ENGLAND JOURNAL OF ENTREPRENEURSHIP","ALQAHTANI N, 2022, J STRATEG MARK",THE EFFECT OF ENTREPRENEURIAL MARKETING ON OUTCOME GOALS IN SMES,"ENTREPRENEURIAL MARKETING AND FIRM PERFORMANCE: SCALE DEVELOPMENT, VALIDATION, AND EMPIRICAL TEST",0.053008,0.201008,0.521659,0.198538
root_01,root_19,"MORRIS MH, 2002, J MARKET THEORY PRAC","ALQAHTANI N, 2022, J STRATEG MARK",ENTREPRENEURIAL MARKETING: A CONSTRUCT FOR INTEGRATING EMERGING ENTREPRENEURSHIP AND MARKETING PERSPECTIVES,"ENTREPRENEURIAL MARKETING AND FIRM PERFORMANCE: SCALE DEVELOPMENT, VALIDATION, AND EMPIRICAL TEST",0.051861,0.281635,0.364474,0.194804
root_05,root_19,"MILLER D, 1983, MANAGE SCI","ALQAHTANI N, 2022, J STRATEG MARK",THE CORRELATES OF ENTREPRENEURSHIP IN THREE TYPES OF FIRMS,"ENTREPRENEURIAL MARKETING AND FIRM PERFORMANCE: SCALE DEVELOPMENT, VALIDATION, AND EMPIRICAL TEST",0.120573,0.188713,0.372104,0.194728
root_05,root_16,"MILLER D, 1983, MANAGE SCI","GILMORE A, 2011, J RES MARK ENTREP",THE CORRELATES OF ENTREPRENEURSHIP IN THREE TYPES OF FIRMS,ENTREPRENEURIAL AND SME MARKETING,0.035064,0.034669,0.827466,0.193406
root_16,root_19,"GILMORE A, 2011, J RES MARK ENTREP","ALQAHTANI N, 2022, J STRATEG MARK",ENTREPRENEURIAL AND SME MARKETING,"ENTREPRENEURIAL MARKETING AND FIRM PERFORMANCE: SCALE DEVELOPMENT, VALIDATION, AND EMPIRICAL TEST",0.046336,0.204124,0.44475,0.181245
root_15,root_19,"HILLS G, 2011, JOURNAL OF SMALL BUSINESS AND ENTREPRENEURSHIP","ALQAHTANI N, 2022, J STRATEG MARK",ACADEMIC ROOTS: THE PAST AND PRESENT OF ENTREPRENEURIAL MARKETING,"ENTREPRENEURIAL MARKETING AND FIRM PERFORMANCE: SCALE DEVELOPMENT, VALIDATION, AND EMPIRICAL TEST",0.084486,0.120223,0.468521,0.173801
root_06,root_18,"MATSUNO K, 2002, J MARKETING","BECHERER RC, 2012, NEW ENGLAND JOURNAL OF ENTREPRENEURSHIP",THE EFFECTS OF ENTREPRENEURIAL PROCLIVITY AND MARKET ORIENTATION ON BUSINESS PERFORMANCE,THE EFFECT OF ENTREPRENEURIAL MARKETING ON OUTCOME GOALS IN SMES,0.024747,0.071067,0.672389,0.170487
root_10,root_18,"CARSON D, 1995, MARKETING AND ENTREPRENEURSHIP IN SMES - AN INNOVATIVE APPROACH","BECHERER RC, 2012, NEW ENGLAND JOURNAL OF ENTREPRENEURSHIP",Marketing and entrepreneurship in SMEs : an innovative approach,THE EFFECT OF ENTREPRENEURIAL MARKETING ON OUTCOME GOALS IN SMES,0.041023,0.034139,0.692586,0.168926
root_09,root_18,"SARASVATHY SD, 2001, ACAD MANAGE REV","BECHERER RC, 2012, NEW ENGLAND JOURNAL OF ENTREPRENEURSHIP",CAUSATION AND EFFECTUATION: TOWARD A THEORETICAL SHIFT FROM ECONOMIC INEVITABILITY TO ENTREPRENEURIAL CONTINGENCY,THE EFFECT OF ENTREPRENEURIAL MARKETING ON OUTCOME GOALS IN SMES,0.014924,0.049237,0.722581,0.168465
root_11,root_19,"READ S, 2009, J MARKETING","ALQAHTANI N, 2022, J STRATEG MARK",MARKETING UNDER UNCERTAINTY: THE LOGIC OF AN EFFECTUAL APPROACH,"ENTREPRENEURIAL MARKETING AND FIRM PERFORMANCE: SCALE DEVELOPMENT, VALIDATION, AND EMPIRICAL TEST",0.095015,0.11547,0.41804,0.166779
root_14,root_19,"KOHLI AK, 1990, J MARKETING","ALQAHTANI N, 2022, J STRATEG MARK","MARKET ORIENTATION: THE CONSTRUCT, RESEARCH PROPOSITIONS, AND MANAGERIAL IMPLICATIONS","ENTREPRENEURIAL MARKETING AND FIRM PERFORMANCE: SCALE DEVELOPMENT, VALIDATION, AND EMPIRICAL TEST",0.063191,0.148148,0.407307,0.161749
root_03,root_19,"STOKES D, 2000, J RES MARKETING ENTR","ALQAHTANI N, 2022, J STRATEG MARK",PUTTING ENTREPRENEURSHIP INTO MARKETING: THE PROCESSES OF ENTREPRENEURIAL MARKETING,"ENTREPRENEURIAL MARKETING AND FIRM PERFORMANCE: SCALE DEVELOPMENT, VALIDATION, AND EMPIRICAL TEST",0.077049,0.122398,0.367884,0.151088
root_04,root_18,"SHANE S, 2000, ACAD MANAGE REV","BECHERER RC, 2012, NEW ENGLAND JOURNAL OF ENTREPRENEURSHIP",THE PROMISE OF ENTREPRENEURSHIP AS A FIELD OF RESEARCH,THE EFFECT OF ENTREPRENEURIAL MARKETING ON OUTCOME GOALS IN SMES,0.0,0.034816,0.673681,0.146922
root_17,root_19,"HANSEN DJ, 2010, J RES MARK ENTREP","ALQAHTANI N, 2022, J STRATEG MARK",THE MARKETING/ENTREPRENEURSHIP INTERFACE: A REPORT ON THE “CHARLESTON SUMMIT”,"ENTREPRENEURIAL MARKETING AND FIRM PERFORMANCE: SCALE DEVELOPMENT, VALIDATION, AND EMPIRICAL TEST",0.043761,0.078567,0.460179,0.139227
root_12,root_19,"BJERKE B, 2002, ENTREPRENEURIAL MARK","ALQAHTANI N, 2022, J STRATEG MARK",Entrepreneurial Marketing: The Growth of Small Firms in the New Economic Era,"ENTREPRENEURIAL MARKETING AND FIRM PERFORMANCE: SCALE DEVELOPMENT, VALIDATION, AND EMPIRICAL TEST",0.128999,0.0,0.40179,0.138408
root_09,root_19,"SARASVATHY SD, 2001, ACAD MANAGE REV","ALQAHTANI N, 2022, J STRATEG MARK",CAUSATION AND EFFECTUATION: TOWARD A THEORETICAL SHIFT FROM ECONOMIC INEVITABILITY TO ENTREPRENEURIAL CONTINGENCY,"ENTREPRENEURIAL MARKETING AND FIRM PERFORMANCE: SCALE DEVELOPMENT, VALIDATION, AND EMPIRICAL TEST",0.015622,0.108866,0.399114,0.124956
root_02,root_19,"COLLINSON E, 2001, MANAGEMENT DECISION","ALQAHTANI N, 2022, J STRATEG MARK",ENTREPRENEURIAL MARKETING – A HISTORICAL PERSPECTIVE ON DEVELOPMENT AND PRACTICE,"ENTREPRENEURIAL MARKETING AND FIRM PERFORMANCE: SCALE DEVELOPMENT, VALIDATION, AND EMPIRICAL TEST",0.048605,0.083992,0.362473,0.123764
root_04,root_19,"SHANE S, 2000, ACAD MANAGE REV","ALQAHTANI N, 2022, J STRATEG MARK",THE PROMISE OF ENTREPRENEURSHIP AS A FIELD OF RESEARCH,"ENTREPRENEURIAL MARKETING AND FIRM PERFORMANCE: SCALE DEVELOPMENT, VALIDATION, AND EMPIRICAL TEST",0.014281,0.03849,0.372104,0.094319
root_10,root_19,"CARSON D, 1995, MARKETING AND ENTREPRENEURSHIP IN SMES - AN INNOVATIVE APPROACH","ALQAHTANI N, 2022, J STRATEG MARK",Marketing and entrepreneurship in SMEs : an innovative approach,"ENTREPRENEURIAL MARKETING AND FIRM PERFORMANCE: SCALE DEVELOPMENT, VALIDATION, AND EMPIRICAL TEST",0.032001,0.0,0.382546,0.09091
