branch_id,node_id,ToS,sap_rank,title,year,journal,source_title,has_article_metadata,token_count,parent_trunk_subtopic_id,parent_trunk_subtopic_label,parent_member_count,branch_to_trunk_score,citation_path_proximity,citation_path_distance,closest_trunk_node,text_similarity_to_trunk,shared_reference_similarity,branch_reference_count,trunk_reference_count
branch_1_01,"CRICK JM, 2025, INT J ENTREP BEHAV R",branch_1,0,COOPETITION AND THE MARKETING/ENTREPRENEURSHIP INTERFACE IN AN INTERNATIONAL ARENA,2025.0,INTERNATIONAL JOURNAL OF ENTREPRENEURIAL BEHAVIOUR & RESEARCH,INT J ENTREP BEHAV R,True,6,trunk_subtopic_2,marketing; entrepreneurial; firms; interrelationship; entrepreneur,6,0.051469,0.0,,,0.147053,0.0,0,268
branch_1_01,"CRICK JM, 2025, INT J ENTREP BEHAV R",branch_1,0,COOPETITION AND THE MARKETING/ENTREPRENEURSHIP INTERFACE IN AN INTERNATIONAL ARENA,2025.0,INTERNATIONAL JOURNAL OF ENTREPRENEURIAL BEHAVIOUR & RESEARCH,INT J ENTREP BEHAV R,True,6,trunk_subtopic_1,smes; marketing; performance; capabilities; entrepreneurial,7,0.033509,0.0,,,0.095739,0.0,0,511
branch_1_01,"CRICK JM, 2025, INT J ENTREP BEHAV R",branch_1,0,COOPETITION AND THE MARKETING/ENTREPRENEURSHIP INTERFACE IN AN INTERNATIONAL ARENA,2025.0,INTERNATIONAL JOURNAL OF ENTREPRENEURIAL BEHAVIOUR & RESEARCH,INT J ENTREP BEHAV R,True,6,trunk_subtopic_3,marketing; traditional; uncertainty; conditions; size,3,0.033385,0.0,,,0.095385,0.0,0,275
branch_1_02,"CHEN YH, 2024, SUSTAINABILITY-BASEL",branch_1,180151157,THE INNOVATIVE ENTREPRENEURIAL MARKETING JOURNEY AND SUSTAINABLE DEVELOPMENT OF SOUTHEAST ASIAN IMMIGRANTS,2024.0,SUSTAINABILITY,SUSTAINABILITY-BASEL,True,119,trunk_subtopic_2,marketing; entrepreneurial; firms; interrelationship; entrepreneur,6,0.46838,1.0,1,"HILLS GE, 2008, J SMALL BUS MANAGE",0.181906,0.018851,42,268
branch_1_02,"CHEN YH, 2024, SUSTAINABILITY-BASEL",branch_1,180151157,THE INNOVATIVE ENTREPRENEURIAL MARKETING JOURNEY AND SUSTAINABLE DEVELOPMENT OF SOUTHEAST ASIAN IMMIGRANTS,2024.0,SUSTAINABILITY,SUSTAINABILITY-BASEL,True,119,trunk_subtopic_1,smes; marketing; performance; capabilities; entrepreneurial,7,0.096844,0.0,,,0.218188,0.081912,42,511
branch_1_02,"CHEN YH, 2024, SUSTAINABILITY-BASEL",branch_1,180151157,THE INNOVATIVE ENTREPRENEURIAL MARKETING JOURNEY AND SUSTAINABLE DEVELOPMENT OF SOUTHEAST ASIAN IMMIGRANTS,2024.0,SUSTAINABILITY,SUSTAINABILITY-BASEL,True,119,trunk_subtopic_3,marketing; traditional; uncertainty; conditions; size,3,0.469961,1.0,1,"ALQAHTANI N, 2020, J BUS RES",0.146718,0.074439,42,275
branch_1_03,"ALAREENI B, 2025, J STRATEG MARK",branch_1,0,MARKETING AND ENTREPRENEURSHIP: CHALLENGES AND OPPORTUNITIES,2025.0,JOURNAL OF STRATEGIC MARKETING,J STRATEG MARK,True,4,trunk_subtopic_2,marketing; entrepreneurial; firms; interrelationship; entrepreneur,6,0.07898,0.0,,,0.225657,0.0,0,268
branch_1_03,"ALAREENI B, 2025, J STRATEG MARK",branch_1,0,MARKETING AND ENTREPRENEURSHIP: CHALLENGES AND OPPORTUNITIES,2025.0,JOURNAL OF STRATEGIC MARKETING,J STRATEG MARK,True,4,trunk_subtopic_1,smes; marketing; performance; capabilities; entrepreneurial,7,0.050343,0.0,,,0.143837,0.0,0,511
branch_1_03,"ALAREENI B, 2025, J STRATEG MARK",branch_1,0,MARKETING AND ENTREPRENEURSHIP: CHALLENGES AND OPPORTUNITIES,2025.0,JOURNAL OF STRATEGIC MARKETING,J STRATEG MARK,True,4,trunk_subtopic_3,marketing; traditional; uncertainty; conditions; size,3,0.037102,0.0,,,0.106006,0.0,0,275
branch_1_04,"CHOU WC, 2023, NTU MANAG REV",branch_1,760388225,HOW ENTREPRENEURIAL MARKETING FACILITATES DIRECT SELLERS' ENTREPRENEURIAL PROCESS: A DYNAMIC ADJUSTMENT PERSPECTIVE,2023.0,NTU MANAGEMENT REVIEW,NTU MANAG REV,True,130,trunk_subtopic_2,marketing; entrepreneurial; firms; interrelationship; entrepreneur,6,0.46607,1.0,1,"MILES MP, 2006, EUR J MARKETING",0.158224,0.042768,51,268
branch_1_04,"CHOU WC, 2023, NTU MANAG REV",branch_1,760388225,HOW ENTREPRENEURIAL MARKETING FACILITATES DIRECT SELLERS' ENTREPRENEURIAL PROCESS: A DYNAMIC ADJUSTMENT PERSPECTIVE,2023.0,NTU MANAGEMENT REVIEW,NTU MANAG REV,True,130,trunk_subtopic_1,smes; marketing; performance; capabilities; entrepreneurial,7,0.074109,0.0,,,0.136522,0.105306,51,511
branch_1_04,"CHOU WC, 2023, NTU MANAG REV",branch_1,760388225,HOW ENTREPRENEURIAL MARKETING FACILITATES DIRECT SELLERS' ENTREPRENEURIAL PROCESS: A DYNAMIC ADJUSTMENT PERSPECTIVE,2023.0,NTU MANAGEMENT REVIEW,NTU MANAG REV,True,130,trunk_subtopic_3,marketing; traditional; uncertainty; conditions; size,3,0.466481,1.0,1,"ALQAHTANI N, 2020, J BUS RES",0.129631,0.08444,51,275
branch_1_05,"MAYUTO R, 2023, FRONT PSYCHOL",branch_1,0,ANTECEDENTS OF IMMIGRANTS’ ENTREPRENEURIAL INTENTION FORMATION PROCESS: AN EMPIRICAL STUDY OF IMMIGRANT ENTREPRENEURS IN CANADA,2023.0,FRONTIERS IN PSYCHOLOGY,FRONT PSYCHOL,True,10,trunk_subtopic_2,marketing; entrepreneurial; firms; interrelationship; entrepreneur,6,0.023033,0.0,,,0.065808,0.0,0,268
branch_1_05,"MAYUTO R, 2023, FRONT PSYCHOL",branch_1,0,ANTECEDENTS OF IMMIGRANTS’ ENTREPRENEURIAL INTENTION FORMATION PROCESS: AN EMPIRICAL STUDY OF IMMIGRANT ENTREPRENEURS IN CANADA,2023.0,FRONTIERS IN PSYCHOLOGY,FRONT PSYCHOL,True,10,trunk_subtopic_1,smes; marketing; performance; capabilities; entrepreneurial,7,0.015757,0.0,,,0.045021,0.0,0,511
branch_1_05,"MAYUTO R, 2023, FRONT PSYCHOL",branch_1,0,ANTECEDENTS OF IMMIGRANTS’ ENTREPRENEURIAL INTENTION FORMATION PROCESS: AN EMPIRICAL STUDY OF IMMIGRANT ENTREPRENEURS IN CANADA,2023.0,FRONTIERS IN PSYCHOLOGY,FRONT PSYCHOL,True,10,trunk_subtopic_3,marketing; traditional; uncertainty; conditions; size,3,0.020728,0.0,,,0.059222,0.0,0,275
branch_1_06,"AL-SHAIKH ME, 2023, WORLD DEVELOPMENT SUSTAINABILITY",branch_1,0,A CONCEPTUAL REVIEW ON ENTREPRENEURIAL MARKETING AND BUSINESS SUSTAINABILITY IN SMALL AND MEDIUM ENTERPRISES,2023.0,WORLD DEVELOPMENT SUSTAINABILITY,WORLD DEVELOPMENT SUSTAINABILITY,True,9,trunk_subtopic_2,marketing; entrepreneurial; firms; interrelationship; entrepreneur,6,0.075016,0.0,,,0.214333,0.0,0,268
branch_1_06,"AL-SHAIKH ME, 2023, WORLD DEVELOPMENT SUSTAINABILITY",branch_1,0,A CONCEPTUAL REVIEW ON ENTREPRENEURIAL MARKETING AND BUSINESS SUSTAINABILITY IN SMALL AND MEDIUM ENTERPRISES,2023.0,WORLD DEVELOPMENT SUSTAINABILITY,WORLD DEVELOPMENT SUSTAINABILITY,True,9,trunk_subtopic_1,smes; marketing; performance; capabilities; entrepreneurial,7,0.077,0.0,,,0.220001,0.0,0,511
branch_1_06,"AL-SHAIKH ME, 2023, WORLD DEVELOPMENT SUSTAINABILITY",branch_1,0,A CONCEPTUAL REVIEW ON ENTREPRENEURIAL MARKETING AND BUSINESS SUSTAINABILITY IN SMALL AND MEDIUM ENTERPRISES,2023.0,WORLD DEVELOPMENT SUSTAINABILITY,WORLD DEVELOPMENT SUSTAINABILITY,True,9,trunk_subtopic_3,marketing; traditional; uncertainty; conditions; size,3,0.087206,0.0,,,0.24916,0.0,0,275
branch_1_07,"SHAHMOHAMMADI B, 2022, JOURNAL OF MANAGEMENT AND ENTREPRENEURSHIP RESEARCH",branch_1,0,ENTREPRENEURIAL MARKETING AND ORGANIZATIONAL ENTREPRENEURSHIP PERFORMANCE OF SMALL AND MEDIUM ENTERPRISES: A SYSTEMATIC REVIEW,2022.0,JOURNAL OF MANAGEMENT AND ENTREPRENEURSHIP RESEARCH,JOURNAL OF MANAGEMENT AND ENTREPRENEURSHIP RESEARCH,True,10,trunk_subtopic_2,marketing; entrepreneurial; firms; interrelationship; entrepreneur,6,0.083375,0.0,,,0.238213,0.0,0,268
branch_1_07,"SHAHMOHAMMADI B, 2022, JOURNAL OF MANAGEMENT AND ENTREPRENEURSHIP RESEARCH",branch_1,0,ENTREPRENEURIAL MARKETING AND ORGANIZATIONAL ENTREPRENEURSHIP PERFORMANCE OF SMALL AND MEDIUM ENTERPRISES: A SYSTEMATIC REVIEW,2022.0,JOURNAL OF MANAGEMENT AND ENTREPRENEURSHIP RESEARCH,JOURNAL OF MANAGEMENT AND ENTREPRENEURSHIP RESEARCH,True,10,trunk_subtopic_1,smes; marketing; performance; capabilities; entrepreneurial,7,0.105644,0.0,,,0.301841,0.0,0,511
branch_1_07,"SHAHMOHAMMADI B, 2022, JOURNAL OF MANAGEMENT AND ENTREPRENEURSHIP RESEARCH",branch_1,0,ENTREPRENEURIAL MARKETING AND ORGANIZATIONAL ENTREPRENEURSHIP PERFORMANCE OF SMALL AND MEDIUM ENTERPRISES: A SYSTEMATIC REVIEW,2022.0,JOURNAL OF MANAGEMENT AND ENTREPRENEURSHIP RESEARCH,JOURNAL OF MANAGEMENT AND ENTREPRENEURSHIP RESEARCH,True,10,trunk_subtopic_3,marketing; traditional; uncertainty; conditions; size,3,0.099705,0.0,,,0.284871,0.0,0,275
branch_1_08,"NWANKWO CA, 2022, ACADEMY OF STRATEGIC MANAGEMENT JOURNAL",branch_1,0,,2022.0,,ACADEMY OF STRATEGIC MANAGEMENT JOURNAL,True,0,trunk_subtopic_2,marketing; entrepreneurial; firms; interrelationship; entrepreneur,6,0.0,0.0,,,0.0,0.0,0,268
branch_1_08,"NWANKWO CA, 2022, ACADEMY OF STRATEGIC MANAGEMENT JOURNAL",branch_1,0,,2022.0,,ACADEMY OF STRATEGIC MANAGEMENT JOURNAL,True,0,trunk_subtopic_1,smes; marketing; performance; capabilities; entrepreneurial,7,0.0,0.0,,,0.0,0.0,0,511
branch_1_08,"NWANKWO CA, 2022, ACADEMY OF STRATEGIC MANAGEMENT JOURNAL",branch_1,0,,2022.0,,ACADEMY OF STRATEGIC MANAGEMENT JOURNAL,True,0,trunk_subtopic_3,marketing; traditional; uncertainty; conditions; size,3,0.0,0.0,,,0.0,0.0,0,275
branch_1_09,"BUCCIERI D, 2022, IND MARKET MANAG",branch_1,0,EXAMINING THE FORMATION OF ENTREPRENEURIAL RESOURCES IN EMERGING MARKET INTERNATIONAL NEW VENTURES,2022.0,INDUSTRIAL MARKETING MANAGEMENT,IND MARKET MANAG,True,9,trunk_subtopic_2,marketing; entrepreneurial; firms; interrelationship; entrepreneur,6,0.024489,0.0,,,0.069968,0.0,0,268
branch_1_09,"BUCCIERI D, 2022, IND MARKET MANAG",branch_1,0,EXAMINING THE FORMATION OF ENTREPRENEURIAL RESOURCES IN EMERGING MARKET INTERNATIONAL NEW VENTURES,2022.0,INDUSTRIAL MARKETING MANAGEMENT,IND MARKET MANAG,True,9,trunk_subtopic_1,smes; marketing; performance; capabilities; entrepreneurial,7,0.023221,0.0,,,0.066346,0.0,0,511
branch_1_09,"BUCCIERI D, 2022, IND MARKET MANAG",branch_1,0,EXAMINING THE FORMATION OF ENTREPRENEURIAL RESOURCES IN EMERGING MARKET INTERNATIONAL NEW VENTURES,2022.0,INDUSTRIAL MARKETING MANAGEMENT,IND MARKET MANAG,True,9,trunk_subtopic_3,marketing; traditional; uncertainty; conditions; size,3,0.046959,0.0,,,0.134167,0.0,0,275
branch_1_10,"LI E, 2021, SUSTAINABILITY-BASEL",branch_1,0,,2021.0,,SUSTAINABILITY-BASEL,True,0,trunk_subtopic_2,marketing; entrepreneurial; firms; interrelationship; entrepreneur,6,0.0,0.0,,,0.0,0.0,0,268
branch_1_10,"LI E, 2021, SUSTAINABILITY-BASEL",branch_1,0,,2021.0,,SUSTAINABILITY-BASEL,True,0,trunk_subtopic_1,smes; marketing; performance; capabilities; entrepreneurial,7,0.0,0.0,,,0.0,0.0,0,511
branch_1_10,"LI E, 2021, SUSTAINABILITY-BASEL",branch_1,0,,2021.0,,SUSTAINABILITY-BASEL,True,0,trunk_subtopic_3,marketing; traditional; uncertainty; conditions; size,3,0.0,0.0,,,0.0,0.0,0,275
branch_1_11,"CRICK JM, 2021, J STRATEG MARK",branch_1,0,QUALITATIVE RESEARCH IN MARKETING: WHAT CAN ACADEMICS DO BETTER?,2021.0,JOURNAL OF STRATEGIC MARKETING,J STRATEG MARK,True,5,trunk_subtopic_2,marketing; entrepreneurial; firms; interrelationship; entrepreneur,6,0.048472,0.0,,,0.138491,0.0,0,268
branch_1_11,"CRICK JM, 2021, J STRATEG MARK",branch_1,0,QUALITATIVE RESEARCH IN MARKETING: WHAT CAN ACADEMICS DO BETTER?,2021.0,JOURNAL OF STRATEGIC MARKETING,J STRATEG MARK,True,5,trunk_subtopic_1,smes; marketing; performance; capabilities; entrepreneurial,7,0.036004,0.0,,,0.102868,0.0,0,511
branch_1_11,"CRICK JM, 2021, J STRATEG MARK",branch_1,0,QUALITATIVE RESEARCH IN MARKETING: WHAT CAN ACADEMICS DO BETTER?,2021.0,JOURNAL OF STRATEGIC MARKETING,J STRATEG MARK,True,5,trunk_subtopic_3,marketing; traditional; uncertainty; conditions; size,3,0.032554,0.0,,,0.093012,0.0,0,275
branch_1_12,"SCHWEIGER SA, 2019, STRATEGIC MANAGE J",branch_1,0,THE COMPLEMENTARITY OF STRATEGIC ORIENTATIONS: A META‐ANALYTIC SYNTHESIS AND THEORY EXTENSION,2019.0,STRATEGIC MANAGEMENT JOURNAL,STRATEGIC MANAGE J,True,8,trunk_subtopic_2,marketing; entrepreneurial; firms; interrelationship; entrepreneur,6,0.005437,0.0,,,0.015534,0.0,0,268
branch_1_12,"SCHWEIGER SA, 2019, STRATEGIC MANAGE J",branch_1,0,THE COMPLEMENTARITY OF STRATEGIC ORIENTATIONS: A META‐ANALYTIC SYNTHESIS AND THEORY EXTENSION,2019.0,STRATEGIC MANAGEMENT JOURNAL,STRATEGIC MANAGE J,True,8,trunk_subtopic_1,smes; marketing; performance; capabilities; entrepreneurial,7,0.007988,0.0,,,0.022824,0.0,0,511
branch_1_12,"SCHWEIGER SA, 2019, STRATEGIC MANAGE J",branch_1,0,THE COMPLEMENTARITY OF STRATEGIC ORIENTATIONS: A META‐ANALYTIC SYNTHESIS AND THEORY EXTENSION,2019.0,STRATEGIC MANAGEMENT JOURNAL,STRATEGIC MANAGE J,True,8,trunk_subtopic_3,marketing; traditional; uncertainty; conditions; size,3,0.01395,0.0,,,0.039856,0.0,0,275
branch_1_13,"CRESWELL JOHNW, 2018, JOURNAL OF INVESTIGATIVE SURGERY : THE OFFICIAL JOURNAL OF THE ACADEMY OF SURGICAL RESEARCH",branch_1,0,,2018.0,,JOURNAL OF INVESTIGATIVE SURGERY : THE OFFICIAL JOURNAL OF THE ACADEMY OF SURGICAL RESEARCH,True,0,trunk_subtopic_2,marketing; entrepreneurial; firms; interrelationship; entrepreneur,6,0.0,0.0,,,0.0,0.0,0,268
branch_1_13,"CRESWELL JOHNW, 2018, JOURNAL OF INVESTIGATIVE SURGERY : THE OFFICIAL JOURNAL OF THE ACADEMY OF SURGICAL RESEARCH",branch_1,0,,2018.0,,JOURNAL OF INVESTIGATIVE SURGERY : THE OFFICIAL JOURNAL OF THE ACADEMY OF SURGICAL RESEARCH,True,0,trunk_subtopic_1,smes; marketing; performance; capabilities; entrepreneurial,7,0.0,0.0,,,0.0,0.0,0,511
branch_1_13,"CRESWELL JOHNW, 2018, JOURNAL OF INVESTIGATIVE SURGERY : THE OFFICIAL JOURNAL OF THE ACADEMY OF SURGICAL RESEARCH",branch_1,0,,2018.0,,JOURNAL OF INVESTIGATIVE SURGERY : THE OFFICIAL JOURNAL OF THE ACADEMY OF SURGICAL RESEARCH,True,0,trunk_subtopic_3,marketing; traditional; uncertainty; conditions; size,3,0.0,0.0,,,0.0,0.0,0,275
branch_1_14,"ARLI D, 2018, IND MARKET MANAG",branch_1,0,"RELATIONAL SELLING: PAST, PRESENT AND FUTURE",2018.0,INDUSTRIAL MARKETING MANAGEMENT,IND MARKET MANAG,True,5,trunk_subtopic_2,marketing; entrepreneurial; firms; interrelationship; entrepreneur,6,0.018152,0.0,,,0.051864,0.0,0,268
branch_1_14,"ARLI D, 2018, IND MARKET MANAG",branch_1,0,"RELATIONAL SELLING: PAST, PRESENT AND FUTURE",2018.0,INDUSTRIAL MARKETING MANAGEMENT,IND MARKET MANAG,True,5,trunk_subtopic_1,smes; marketing; performance; capabilities; entrepreneurial,7,0.00425,0.0,,,0.012144,0.0,0,511
branch_1_14,"ARLI D, 2018, IND MARKET MANAG",branch_1,0,"RELATIONAL SELLING: PAST, PRESENT AND FUTURE",2018.0,INDUSTRIAL MARKETING MANAGEMENT,IND MARKET MANAG,True,5,trunk_subtopic_3,marketing; traditional; uncertainty; conditions; size,3,0.011274,0.0,,,0.032212,0.0,0,275
branch_1_15,"REZAEI R, 2017, J AGR SCI TECH-IRAN",branch_1,0,,2017.0,,J AGR SCI TECH-IRAN,True,0,trunk_subtopic_2,marketing; entrepreneurial; firms; interrelationship; entrepreneur,6,0.0,0.0,,,0.0,0.0,0,268
branch_1_15,"REZAEI R, 2017, J AGR SCI TECH-IRAN",branch_1,0,,2017.0,,J AGR SCI TECH-IRAN,True,0,trunk_subtopic_1,smes; marketing; performance; capabilities; entrepreneurial,7,0.0,0.0,,,0.0,0.0,0,511
branch_1_15,"REZAEI R, 2017, J AGR SCI TECH-IRAN",branch_1,0,,2017.0,,J AGR SCI TECH-IRAN,True,0,trunk_subtopic_3,marketing; traditional; uncertainty; conditions; size,3,0.0,0.0,,,0.0,0.0,0,275
branch_2_01,"KHASMAFKAN-NEZAM MH, 2025, VINE J INF KNOWL MAN",branch_2,450498342,DOES ETHICAL CLIMATE OF THE ORGANIZATION FOSTER ENTREPRENEURIAL MARKETING? THE ROLE OF WORK ENGAGEMENT AND EFFECTIVE KNOWLEDGE TRANSFER,2025.0,VINE JOURNAL OF INFORMATION AND KNOWLEDGE MANAGEMENT SYSTEMS,VINE J INF KNOWL MAN,True,244,trunk_subtopic_2,marketing; entrepreneurial; firms; interrelationship; entrepreneur,6,0.487102,1.0,1,"MILES M, 2015, J STRATEG MARK",0.248863,0.0,27,268
branch_2_01,"KHASMAFKAN-NEZAM MH, 2025, VINE J INF KNOWL MAN",branch_2,450498342,DOES ETHICAL CLIMATE OF THE ORGANIZATION FOSTER ENTREPRENEURIAL MARKETING? THE ROLE OF WORK ENGAGEMENT AND EFFECTIVE KNOWLEDGE TRANSFER,2025.0,VINE JOURNAL OF INFORMATION AND KNOWLEDGE MANAGEMENT SYSTEMS,VINE J INF KNOWL MAN,True,244,trunk_subtopic_1,smes; marketing; performance; capabilities; entrepreneurial,7,0.089186,0.0,,,0.21833,0.051081,27,511
branch_2_01,"KHASMAFKAN-NEZAM MH, 2025, VINE J INF KNOWL MAN",branch_2,450498342,DOES ETHICAL CLIMATE OF THE ORGANIZATION FOSTER ENTREPRENEURIAL MARKETING? THE ROLE OF WORK ENGAGEMENT AND EFFECTIVE KNOWLEDGE TRANSFER,2025.0,VINE JOURNAL OF INFORMATION AND KNOWLEDGE MANAGEMENT SYSTEMS,VINE J INF KNOWL MAN,True,244,trunk_subtopic_3,marketing; traditional; uncertainty; conditions; size,3,0.485854,1.0,1,"ALQAHTANI N, 2020, J BUS RES",0.20385,0.058026,27,275
branch_2_02,"KHASMAFKAN-NEZAM MH, 2025, SOC RESPONSIB J",branch_2,165791051,"THE INTERSECTION OF RESPONSIBLE LEADERSHIP AND ENTREPRENEURIAL MARKETING: THE ROLES OF ETHICAL CLIMATE, EFFECTIVE KNOWLEDGE TRANSFER AND PERSON-ORGANIZATION FIT",2025.0,SOCIAL RESPONSIBILITY JOURNAL,SOC RESPONSIB J,True,244,trunk_subtopic_2,marketing; entrepreneurial; firms; interrelationship; entrepreneur,6,0.259034,0.5,2,"MILES MP, 2006, EUR J MARKETING",0.168668,0.0,33,268
branch_2_02,"KHASMAFKAN-NEZAM MH, 2025, SOC RESPONSIB J",branch_2,165791051,"THE INTERSECTION OF RESPONSIBLE LEADERSHIP AND ENTREPRENEURIAL MARKETING: THE ROLES OF ETHICAL CLIMATE, EFFECTIVE KNOWLEDGE TRANSFER AND PERSON-ORGANIZATION FIT",2025.0,SOCIAL RESPONSIBILITY JOURNAL,SOC RESPONSIB J,True,244,trunk_subtopic_1,smes; marketing; performance; capabilities; entrepreneurial,7,0.099346,0.0,,,0.228841,0.077007,33,511
branch_2_02,"KHASMAFKAN-NEZAM MH, 2025, SOC RESPONSIB J",branch_2,165791051,"THE INTERSECTION OF RESPONSIBLE LEADERSHIP AND ENTREPRENEURIAL MARKETING: THE ROLES OF ETHICAL CLIMATE, EFFECTIVE KNOWLEDGE TRANSFER AND PERSON-ORGANIZATION FIT",2025.0,SOCIAL RESPONSIBILITY JOURNAL,SOC RESPONSIB J,True,244,trunk_subtopic_3,marketing; traditional; uncertainty; conditions; size,3,0.262489,0.5,2,"ALQAHTANI N, 2020, J BUS RES",0.171043,0.010497,33,275
branch_2_03,"RIGGS R, 2024, J BUS RES",branch_2,0,INFORMATION SYSTEMS CAPABILITIES VALUE CREATION THROUGH CIRCULAR ECONOMY PRACTICES IN UNCERTAIN ENVIRONMENTS: A CONDITIONAL MEDIATION MODEL,2024.0,JOURNAL OF BUSINESS RESEARCH,J BUS RES,True,13,trunk_subtopic_2,marketing; entrepreneurial; firms; interrelationship; entrepreneur,6,0.012007,0.0,,,0.034304,0.0,0,268
branch_2_03,"RIGGS R, 2024, J BUS RES",branch_2,0,INFORMATION SYSTEMS CAPABILITIES VALUE CREATION THROUGH CIRCULAR ECONOMY PRACTICES IN UNCERTAIN ENVIRONMENTS: A CONDITIONAL MEDIATION MODEL,2024.0,JOURNAL OF BUSINESS RESEARCH,J BUS RES,True,13,trunk_subtopic_1,smes; marketing; performance; capabilities; entrepreneurial,7,0.027481,0.0,,,0.078516,0.0,0,511
branch_2_03,"RIGGS R, 2024, J BUS RES",branch_2,0,INFORMATION SYSTEMS CAPABILITIES VALUE CREATION THROUGH CIRCULAR ECONOMY PRACTICES IN UNCERTAIN ENVIRONMENTS: A CONDITIONAL MEDIATION MODEL,2024.0,JOURNAL OF BUSINESS RESEARCH,J BUS RES,True,13,trunk_subtopic_3,marketing; traditional; uncertainty; conditions; size,3,0.014101,0.0,,,0.040288,0.0,0,275
branch_2_04,"MAKHLOUFI L, 2024, J RES MARK ENTREP",branch_2,0,MEDIATING EFFECT OF ABSORPTIVE CAPACITY ON THE RELATIONSHIP BETWEEN KNOWLEDGE SHARING AND ENTREPRENEURIAL ORIENTATION AND THE MODERATING ROLE OF OPPORTUNITY RECOGNITION,2024.0,JOURNAL OF RESEARCH IN MARKETING AND ENTREPRENEURSHIP,J RES MARK ENTREP,True,12,trunk_subtopic_2,marketing; entrepreneurial; firms; interrelationship; entrepreneur,6,0.022617,0.0,,,0.06462,0.0,0,268
branch_2_04,"MAKHLOUFI L, 2024, J RES MARK ENTREP",branch_2,0,MEDIATING EFFECT OF ABSORPTIVE CAPACITY ON THE RELATIONSHIP BETWEEN KNOWLEDGE SHARING AND ENTREPRENEURIAL ORIENTATION AND THE MODERATING ROLE OF OPPORTUNITY RECOGNITION,2024.0,JOURNAL OF RESEARCH IN MARKETING AND ENTREPRENEURSHIP,J RES MARK ENTREP,True,12,trunk_subtopic_1,smes; marketing; performance; capabilities; entrepreneurial,7,0.031721,0.0,,,0.090631,0.0,0,511
branch_2_04,"MAKHLOUFI L, 2024, J RES MARK ENTREP",branch_2,0,MEDIATING EFFECT OF ABSORPTIVE CAPACITY ON THE RELATIONSHIP BETWEEN KNOWLEDGE SHARING AND ENTREPRENEURIAL ORIENTATION AND THE MODERATING ROLE OF OPPORTUNITY RECOGNITION,2024.0,JOURNAL OF RESEARCH IN MARKETING AND ENTREPRENEURSHIP,J RES MARK ENTREP,True,12,trunk_subtopic_3,marketing; traditional; uncertainty; conditions; size,3,0.041325,0.0,,,0.118072,0.0,0,275
branch_2_05,"MARQUES T, 2023, LEADERSH HEALTH SERV",branch_2,0,RESPONSIBLE LEADERSHIP AND TURNOVER INTENTIONS IN HEALTH-CARE PROFESSIONALS: THE MEDIATING ROLE OF BURNOUT,2023.0,LEADERSHIP IN HEALTH SERVICES,LEADERSH HEALTH SERV,True,10,trunk_subtopic_2,marketing; entrepreneurial; firms; interrelationship; entrepreneur,6,0.001549,0.0,,,0.004426,0.0,0,268
branch_2_05,"MARQUES T, 2023, LEADERSH HEALTH SERV",branch_2,0,RESPONSIBLE LEADERSHIP AND TURNOVER INTENTIONS IN HEALTH-CARE PROFESSIONALS: THE MEDIATING ROLE OF BURNOUT,2023.0,LEADERSHIP IN HEALTH SERVICES,LEADERSH HEALTH SERV,True,10,trunk_subtopic_1,smes; marketing; performance; capabilities; entrepreneurial,7,0.0088,0.0,,,0.025142,0.0,0,511
branch_2_05,"MARQUES T, 2023, LEADERSH HEALTH SERV",branch_2,0,RESPONSIBLE LEADERSHIP AND TURNOVER INTENTIONS IN HEALTH-CARE PROFESSIONALS: THE MEDIATING ROLE OF BURNOUT,2023.0,LEADERSHIP IN HEALTH SERVICES,LEADERSH HEALTH SERV,True,10,trunk_subtopic_3,marketing; traditional; uncertainty; conditions; size,3,0.0,0.0,,,0.0,0.0,0,275
branch_2_06,"PETRYLAITE E, 2021, J RES MARK ENTREP",branch_2,2480174,ENTREPRENEURIAL MARKETING LEARNING STYLES USED BY ENTREPRENEURIAL TEAMS,2021.0,JOURNAL OF RESEARCH IN MARKETING AND ENTREPRENEURSHIP,J RES MARK ENTREP,True,136,trunk_subtopic_2,marketing; entrepreneurial; firms; interrelationship; entrepreneur,6,0.488187,1.0,1,"MORRISH SC, 2010, J STRATEG MARK",0.202488,0.069264,28,268
branch_2_06,"PETRYLAITE E, 2021, J RES MARK ENTREP",branch_2,2480174,ENTREPRENEURIAL MARKETING LEARNING STYLES USED BY ENTREPRENEURIAL TEAMS,2021.0,JOURNAL OF RESEARCH IN MARKETING AND ENTREPRENEURSHIP,J RES MARK ENTREP,True,136,trunk_subtopic_1,smes; marketing; performance; capabilities; entrepreneurial,7,0.071506,0.0,,,0.156531,0.066881,28,511
branch_2_06,"PETRYLAITE E, 2021, J RES MARK ENTREP",branch_2,2480174,ENTREPRENEURIAL MARKETING LEARNING STYLES USED BY ENTREPRENEURIAL TEAMS,2021.0,JOURNAL OF RESEARCH IN MARKETING AND ENTREPRENEURSHIP,J RES MARK ENTREP,True,136,trunk_subtopic_3,marketing; traditional; uncertainty; conditions; size,3,0.076799,0.0,,,0.146166,0.102565,28,275
branch_2_07,"YASIN R, 2021, J KNOWL MANAG",branch_2,0,RESPONSIBLE LEADERSHIP AND EMPLOYEES’ TURNOVER INTENTION. EXPLORE THE MEDIATING ROLES OF ETHICAL CLIMATE AND CORPORATE IMAGE,2021.0,JOURNAL OF KNOWLEDGE MANAGEMENT,J KNOWL MANAG,True,12,trunk_subtopic_2,marketing; entrepreneurial; firms; interrelationship; entrepreneur,6,0.00179,0.0,,,0.005113,0.0,0,268
branch_2_07,"YASIN R, 2021, J KNOWL MANAG",branch_2,0,RESPONSIBLE LEADERSHIP AND EMPLOYEES’ TURNOVER INTENTION. EXPLORE THE MEDIATING ROLES OF ETHICAL CLIMATE AND CORPORATE IMAGE,2021.0,JOURNAL OF KNOWLEDGE MANAGEMENT,J KNOWL MANAG,True,12,trunk_subtopic_1,smes; marketing; performance; capabilities; entrepreneurial,7,0.002881,0.0,,,0.008231,0.0,0,511
branch_2_07,"YASIN R, 2021, J KNOWL MANAG",branch_2,0,RESPONSIBLE LEADERSHIP AND EMPLOYEES’ TURNOVER INTENTION. EXPLORE THE MEDIATING ROLES OF ETHICAL CLIMATE AND CORPORATE IMAGE,2021.0,JOURNAL OF KNOWLEDGE MANAGEMENT,J KNOWL MANAG,True,12,trunk_subtopic_3,marketing; traditional; uncertainty; conditions; size,3,0.0,0.0,,,0.0,0.0,0,275
branch_2_08,"KANG H, 2021, ASIAN NURS RES",branch_2,0,MODEL SETTING AND INTERPRETATION OF RESULTS IN RESEARCH USING STRUCTURAL EQUATION MODELING: A CHECKLIST WITH GUIDING QUESTIONS FOR REPORTING,2021.0,ASIAN NURSING RESEARCH,ASIAN NURS RES,True,10,trunk_subtopic_2,marketing; entrepreneurial; firms; interrelationship; entrepreneur,6,0.003411,0.0,,,0.009746,0.0,0,268
branch_2_08,"KANG H, 2021, ASIAN NURS RES",branch_2,0,MODEL SETTING AND INTERPRETATION OF RESULTS IN RESEARCH USING STRUCTURAL EQUATION MODELING: A CHECKLIST WITH GUIDING QUESTIONS FOR REPORTING,2021.0,ASIAN NURSING RESEARCH,ASIAN NURS RES,True,10,trunk_subtopic_1,smes; marketing; performance; capabilities; entrepreneurial,7,0.006178,0.0,,,0.017652,0.0,0,511
branch_2_08,"KANG H, 2021, ASIAN NURS RES",branch_2,0,MODEL SETTING AND INTERPRETATION OF RESULTS IN RESEARCH USING STRUCTURAL EQUATION MODELING: A CHECKLIST WITH GUIDING QUESTIONS FOR REPORTING,2021.0,ASIAN NURSING RESEARCH,ASIAN NURS RES,True,10,trunk_subtopic_3,marketing; traditional; uncertainty; conditions; size,3,0.0,0.0,,,0.0,0.0,0,275
branch_2_09,"HALISAH A, 2021, J KNOWL MANAG",branch_2,0,SOCIAL DILEMMAS IN KNOWLEDGE SHARING: AN EXAMINATION OF THE INTERPLAY BETWEEN KNOWLEDGE SHARING CULTURE AND PERFORMANCE CLIMATE,2021.0,JOURNAL OF KNOWLEDGE MANAGEMENT,J KNOWL MANAG,True,11,trunk_subtopic_2,marketing; entrepreneurial; firms; interrelationship; entrepreneur,6,0.002856,0.0,,,0.008159,0.0,0,268
branch_2_09,"HALISAH A, 2021, J KNOWL MANAG",branch_2,0,SOCIAL DILEMMAS IN KNOWLEDGE SHARING: AN EXAMINATION OF THE INTERPLAY BETWEEN KNOWLEDGE SHARING CULTURE AND PERFORMANCE CLIMATE,2021.0,JOURNAL OF KNOWLEDGE MANAGEMENT,J KNOWL MANAG,True,11,trunk_subtopic_1,smes; marketing; performance; capabilities; entrepreneurial,7,0.024353,0.0,,,0.06958,0.0,0,511
branch_2_09,"HALISAH A, 2021, J KNOWL MANAG",branch_2,0,SOCIAL DILEMMAS IN KNOWLEDGE SHARING: AN EXAMINATION OF THE INTERPLAY BETWEEN KNOWLEDGE SHARING CULTURE AND PERFORMANCE CLIMATE,2021.0,JOURNAL OF KNOWLEDGE MANAGEMENT,J KNOWL MANAG,True,11,trunk_subtopic_3,marketing; traditional; uncertainty; conditions; size,3,0.011511,0.0,,,0.032888,0.0,0,275
branch_2_10,"TEO STT, 2020, INT J HOSP MANAG",branch_2,0,"PSYCHOSOCIAL WORK ENVIRONMENT, WORK ENGAGEMENT, AND EMPLOYEE COMMITMENT: A MODERATED, MEDIATION MODEL",2020.0,INTERNATIONAL JOURNAL OF HOSPITALITY MANAGEMENT,INT J HOSP MANAG,True,10,trunk_subtopic_2,marketing; entrepreneurial; firms; interrelationship; entrepreneur,6,0.018984,0.0,,,0.054239,0.0,0,268
branch_2_10,"TEO STT, 2020, INT J HOSP MANAG",branch_2,0,"PSYCHOSOCIAL WORK ENVIRONMENT, WORK ENGAGEMENT, AND EMPLOYEE COMMITMENT: A MODERATED, MEDIATION MODEL",2020.0,INTERNATIONAL JOURNAL OF HOSPITALITY MANAGEMENT,INT J HOSP MANAG,True,10,trunk_subtopic_1,smes; marketing; performance; capabilities; entrepreneurial,7,0.005873,0.0,,,0.016781,0.0,0,511
branch_2_10,"TEO STT, 2020, INT J HOSP MANAG",branch_2,0,"PSYCHOSOCIAL WORK ENVIRONMENT, WORK ENGAGEMENT, AND EMPLOYEE COMMITMENT: A MODERATED, MEDIATION MODEL",2020.0,INTERNATIONAL JOURNAL OF HOSPITALITY MANAGEMENT,INT J HOSP MANAG,True,10,trunk_subtopic_3,marketing; traditional; uncertainty; conditions; size,3,0.0,0.0,,,0.0,0.0,0,275
branch_2_11,"MUHAMMED S, 2020, J KNOWL MANAG",branch_2,0,PEER KNOWLEDGE SHARING AND ORGANIZATIONAL PERFORMANCE: THE ROLE OF LEADERSHIP SUPPORT AND KNOWLEDGE MANAGEMENT SUCCESS,2020.0,JOURNAL OF KNOWLEDGE MANAGEMENT,J KNOWL MANAG,True,11,trunk_subtopic_2,marketing; entrepreneurial; firms; interrelationship; entrepreneur,6,0.007165,0.0,,,0.02047,0.0,0,268
branch_2_11,"MUHAMMED S, 2020, J KNOWL MANAG",branch_2,0,PEER KNOWLEDGE SHARING AND ORGANIZATIONAL PERFORMANCE: THE ROLE OF LEADERSHIP SUPPORT AND KNOWLEDGE MANAGEMENT SUCCESS,2020.0,JOURNAL OF KNOWLEDGE MANAGEMENT,J KNOWL MANAG,True,11,trunk_subtopic_1,smes; marketing; performance; capabilities; entrepreneurial,7,0.034488,0.0,,,0.098538,0.0,0,511
branch_2_11,"MUHAMMED S, 2020, J KNOWL MANAG",branch_2,0,PEER KNOWLEDGE SHARING AND ORGANIZATIONAL PERFORMANCE: THE ROLE OF LEADERSHIP SUPPORT AND KNOWLEDGE MANAGEMENT SUCCESS,2020.0,JOURNAL OF KNOWLEDGE MANAGEMENT,J KNOWL MANAG,True,11,trunk_subtopic_3,marketing; traditional; uncertainty; conditions; size,3,0.0222,0.0,,,0.06343,0.0,0,275
branch_2_12,"KIM W, 2020, APPL ERGON",branch_2,0,FACTORS AFFECTING TRUST IN HIGH-VULNERABILITY HUMAN-ROBOT INTERACTION CONTEXTS: A STRUCTURAL EQUATION MODELLING APPROACH,2020.0,APPLIED ERGONOMICS,APPL ERGON,True,13,trunk_subtopic_2,marketing; entrepreneurial; firms; interrelationship; entrepreneur,6,0.007135,0.0,,,0.020387,0.0,0,268
branch_2_12,"KIM W, 2020, APPL ERGON",branch_2,0,FACTORS AFFECTING TRUST IN HIGH-VULNERABILITY HUMAN-ROBOT INTERACTION CONTEXTS: A STRUCTURAL EQUATION MODELLING APPROACH,2020.0,APPLIED ERGONOMICS,APPL ERGON,True,13,trunk_subtopic_1,smes; marketing; performance; capabilities; entrepreneurial,7,0.01593,0.0,,,0.045514,0.0,0,511
branch_2_12,"KIM W, 2020, APPL ERGON",branch_2,0,FACTORS AFFECTING TRUST IN HIGH-VULNERABILITY HUMAN-ROBOT INTERACTION CONTEXTS: A STRUCTURAL EQUATION MODELLING APPROACH,2020.0,APPLIED ERGONOMICS,APPL ERGON,True,13,trunk_subtopic_3,marketing; traditional; uncertainty; conditions; size,3,0.0,0.0,,,0.0,0.0,0,275
branch_2_13,"BJORVATN T, 2020, J KNOWL MANAG",branch_2,0,THE IMPACT OF TIME PRESSURE ON KNOWLEDGE TRANSFER EFFECTIVENESS IN TEAMS: TRUST AS A CRITICAL BUT FRAGILE MEDIATOR,2020.0,JOURNAL OF KNOWLEDGE MANAGEMENT,J KNOWL MANAG,True,11,trunk_subtopic_2,marketing; entrepreneurial; firms; interrelationship; entrepreneur,6,0.0,0.0,,,0.0,0.0,0,268
branch_2_13,"BJORVATN T, 2020, J KNOWL MANAG",branch_2,0,THE IMPACT OF TIME PRESSURE ON KNOWLEDGE TRANSFER EFFECTIVENESS IN TEAMS: TRUST AS A CRITICAL BUT FRAGILE MEDIATOR,2020.0,JOURNAL OF KNOWLEDGE MANAGEMENT,J KNOWL MANAG,True,11,trunk_subtopic_1,smes; marketing; performance; capabilities; entrepreneurial,7,0.008925,0.0,,,0.025501,0.0,0,511
branch_2_13,"BJORVATN T, 2020, J KNOWL MANAG",branch_2,0,THE IMPACT OF TIME PRESSURE ON KNOWLEDGE TRANSFER EFFECTIVENESS IN TEAMS: TRUST AS A CRITICAL BUT FRAGILE MEDIATOR,2020.0,JOURNAL OF KNOWLEDGE MANAGEMENT,J KNOWL MANAG,True,11,trunk_subtopic_3,marketing; traditional; uncertainty; conditions; size,3,0.007273,0.0,,,0.020779,0.0,0,275
branch_2_14,"PASCHEN J, 2019, J BUS IND MARK",branch_2,0,ARTIFICIAL INTELLIGENCE (AI) AND ITS IMPLICATIONS FOR MARKET KNOWLEDGE IN B2B MARKETING,2019.0,JOURNAL OF BUSINESS AND INDUSTRIAL MARKETING,J BUS IND MARK,True,6,trunk_subtopic_2,marketing; entrepreneurial; firms; interrelationship; entrepreneur,6,0.043834,0.0,,,0.125239,0.0,0,268
branch_2_14,"PASCHEN J, 2019, J BUS IND MARK",branch_2,0,ARTIFICIAL INTELLIGENCE (AI) AND ITS IMPLICATIONS FOR MARKET KNOWLEDGE IN B2B MARKETING,2019.0,JOURNAL OF BUSINESS AND INDUSTRIAL MARKETING,J BUS IND MARK,True,6,trunk_subtopic_1,smes; marketing; performance; capabilities; entrepreneurial,7,0.049099,0.0,,,0.140284,0.0,0,511
branch_2_14,"PASCHEN J, 2019, J BUS IND MARK",branch_2,0,ARTIFICIAL INTELLIGENCE (AI) AND ITS IMPLICATIONS FOR MARKET KNOWLEDGE IN B2B MARKETING,2019.0,JOURNAL OF BUSINESS AND INDUSTRIAL MARKETING,J BUS IND MARK,True,6,trunk_subtopic_3,marketing; traditional; uncertainty; conditions; size,3,0.037659,0.0,,,0.107596,0.0,0,275
branch_2_15,"MULKI J, 2019, J BUS RES",branch_2,0,JOINT IMPACT OF ETHICAL CLIMATE AND EXTERNAL WORK LOCUS OF CONTROL ON JOB MEANINGFULNESS,2019.0,JOURNAL OF BUSINESS RESEARCH,J BUS RES,True,10,trunk_subtopic_2,marketing; entrepreneurial; firms; interrelationship; entrepreneur,6,0.010402,0.0,,,0.029719,0.0,0,268
branch_2_15,"MULKI J, 2019, J BUS RES",branch_2,0,JOINT IMPACT OF ETHICAL CLIMATE AND EXTERNAL WORK LOCUS OF CONTROL ON JOB MEANINGFULNESS,2019.0,JOURNAL OF BUSINESS RESEARCH,J BUS RES,True,10,trunk_subtopic_1,smes; marketing; performance; capabilities; entrepreneurial,7,0.002759,0.0,,,0.007883,0.0,0,511
branch_2_15,"MULKI J, 2019, J BUS RES",branch_2,0,JOINT IMPACT OF ETHICAL CLIMATE AND EXTERNAL WORK LOCUS OF CONTROL ON JOB MEANINGFULNESS,2019.0,JOURNAL OF BUSINESS RESEARCH,J BUS RES,True,10,trunk_subtopic_3,marketing; traditional; uncertainty; conditions; size,3,0.003455,0.0,,,0.00987,0.0,0,275
branch_3_01,"FILLIS I, 2023, J RES MARK ENTREP",branch_3,296950698,ASSESSING THE NOTION OF ART AS A PRODUCT: ENTREPRENEURIAL MARKETING INSIGHTS FROM THE VISUAL ARTS,2023.0,JOURNAL OF RESEARCH IN MARKETING AND ENTREPRENEURSHIP,J RES MARK ENTREP,True,197,trunk_subtopic_2,marketing; entrepreneurial; firms; interrelationship; entrepreneur,6,0.244648,0.5,2,"MILES MP, 2006, EUR J MARKETING",0.120753,0.00954,41,268
branch_3_01,"FILLIS I, 2023, J RES MARK ENTREP",branch_3,296950698,ASSESSING THE NOTION OF ART AS A PRODUCT: ENTREPRENEURIAL MARKETING INSIGHTS FROM THE VISUAL ARTS,2023.0,JOURNAL OF RESEARCH IN MARKETING AND ENTREPRENEURSHIP,J RES MARK ENTREP,True,197,trunk_subtopic_1,smes; marketing; performance; capabilities; entrepreneurial,7,0.052723,0.0,,,0.116095,0.048361,41,511
branch_3_01,"FILLIS I, 2023, J RES MARK ENTREP",branch_3,296950698,ASSESSING THE NOTION OF ART AS A PRODUCT: ENTREPRENEURIAL MARKETING INSIGHTS FROM THE VISUAL ARTS,2023.0,JOURNAL OF RESEARCH IN MARKETING AND ENTREPRENEURSHIP,J RES MARK ENTREP,True,197,trunk_subtopic_3,marketing; traditional; uncertainty; conditions; size,3,0.257145,0.5,2,"WHALEN P, 2016, J STRATEG MARK",0.14309,0.028253,41,275
branch_3_02,"FILLIS I, 2021, ARTS MARK",branch_3,140836469,ART COLLECTING AS CONSUMPTION AND ENTREPRENEURIAL MARKETING AS STRATEGY,2021.0,ARTS AND THE MARKET,ARTS MARK,True,130,trunk_subtopic_2,marketing; entrepreneurial; firms; interrelationship; entrepreneur,6,0.465275,1.0,1,"MORRISH SC, 2011, J RES MARK ENTREP",0.149842,0.051321,51,268
branch_3_02,"FILLIS I, 2021, ARTS MARK",branch_3,140836469,ART COLLECTING AS CONSUMPTION AND ENTREPRENEURIAL MARKETING AS STRATEGY,2021.0,ARTS AND THE MARKET,ARTS MARK,True,130,trunk_subtopic_1,smes; marketing; performance; capabilities; entrepreneurial,7,0.052113,0.0,,,0.113498,0.049556,51,511
branch_3_02,"FILLIS I, 2021, ARTS MARK",branch_3,140836469,ART COLLECTING AS CONSUMPTION AND ENTREPRENEURIAL MARKETING AS STRATEGY,2021.0,ARTS AND THE MARKET,ARTS MARK,True,130,trunk_subtopic_3,marketing; traditional; uncertainty; conditions; size,3,0.449512,1.0,1,"WHALEN P, 2016, J STRATEG MARK",0.09321,0.067552,51,275
branch_3_03,"LEHMAN K, 2020, HDB ENTREPRENEURSHIP",branch_3,0,,2020.0,,HDB ENTREPRENEURSHIP,True,0,trunk_subtopic_2,marketing; entrepreneurial; firms; interrelationship; entrepreneur,6,0.0,0.0,,,0.0,0.0,0,268
branch_3_03,"LEHMAN K, 2020, HDB ENTREPRENEURSHIP",branch_3,0,,2020.0,,HDB ENTREPRENEURSHIP,True,0,trunk_subtopic_1,smes; marketing; performance; capabilities; entrepreneurial,7,0.0,0.0,,,0.0,0.0,0,511
branch_3_03,"LEHMAN K, 2020, HDB ENTREPRENEURSHIP",branch_3,0,,2020.0,,HDB ENTREPRENEURSHIP,True,0,trunk_subtopic_3,marketing; traditional; uncertainty; conditions; size,3,0.0,0.0,,,0.0,0.0,0,275
branch_3_04,"ALEXIOU K, 2020, NONPROF VOLUNT SEC Q",branch_3,0,CROWDFUNDING ACTS AS A FUNDING SUBSTITUTE AND A LEGITIMATING SIGNAL FOR NONPROFIT PERFORMING ARTS ORGANIZATIONS,2020.0,NONPROFIT AND VOLUNTARY SECTOR QUARTERLY,NONPROF VOLUNT SEC Q,True,10,trunk_subtopic_2,marketing; entrepreneurial; firms; interrelationship; entrepreneur,6,0.0,0.0,,,0.0,0.0,0,268
branch_3_04,"ALEXIOU K, 2020, NONPROF VOLUNT SEC Q",branch_3,0,CROWDFUNDING ACTS AS A FUNDING SUBSTITUTE AND A LEGITIMATING SIGNAL FOR NONPROFIT PERFORMING ARTS ORGANIZATIONS,2020.0,NONPROFIT AND VOLUNTARY SECTOR QUARTERLY,NONPROF VOLUNT SEC Q,True,10,trunk_subtopic_1,smes; marketing; performance; capabilities; entrepreneurial,7,0.0,0.0,,,0.0,0.0,0,511
branch_3_04,"ALEXIOU K, 2020, NONPROF VOLUNT SEC Q",branch_3,0,CROWDFUNDING ACTS AS A FUNDING SUBSTITUTE AND A LEGITIMATING SIGNAL FOR NONPROFIT PERFORMING ARTS ORGANIZATIONS,2020.0,NONPROFIT AND VOLUNTARY SECTOR QUARTERLY,NONPROF VOLUNT SEC Q,True,10,trunk_subtopic_3,marketing; traditional; uncertainty; conditions; size,3,0.0,0.0,,,0.0,0.0,0,275
branch_3_05,"FILLIS I, 2017, J VACAT MARK",branch_3,42648780,THE MUSEUM OF OLD AND NEW ART: LEVERAGING ENTREPRENEURIAL MARKETING TO CREATE A UNIQUE ARTS AND VACATION VENTURE,2017.0,JOURNAL OF VACATION MARKETING,J VACAT MARK,True,80,trunk_subtopic_2,marketing; entrepreneurial; firms; interrelationship; entrepreneur,6,0.486706,1.0,1,"MILES MP, 2006, EUR J MARKETING",0.145483,0.143146,59,268
branch_3_05,"FILLIS I, 2017, J VACAT MARK",branch_3,42648780,THE MUSEUM OF OLD AND NEW ART: LEVERAGING ENTREPRENEURIAL MARKETING TO CREATE A UNIQUE ARTS AND VACATION VENTURE,2017.0,JOURNAL OF VACATION MARKETING,J VACAT MARK,True,80,trunk_subtopic_1,smes; marketing; performance; capabilities; entrepreneurial,7,0.045988,0.0,,,0.098483,0.046074,59,511
branch_3_05,"FILLIS I, 2017, J VACAT MARK",branch_3,42648780,THE MUSEUM OF OLD AND NEW ART: LEVERAGING ENTREPRENEURIAL MARKETING TO CREATE A UNIQUE ARTS AND VACATION VENTURE,2017.0,JOURNAL OF VACATION MARKETING,J VACAT MARK,True,80,trunk_subtopic_3,marketing; traditional; uncertainty; conditions; size,3,0.054304,0.0,,,0.110294,0.062805,59,275
branch_3_06,"BOOTH K, 2017, VISIT STUD",branch_3,0,"IT'S A MUSEUM, BUT NOT AS WE KNOW IT: ISSUES FOR LOCAL RESIDENTS ACCESSING THE MUSEUM OF OLD AND NEW ART",2017.0,VISITOR STUDIES,VISIT STUD,True,10,trunk_subtopic_2,marketing; entrepreneurial; firms; interrelationship; entrepreneur,6,0.011136,0.0,,,0.031817,0.0,0,268
branch_3_06,"BOOTH K, 2017, VISIT STUD",branch_3,0,"IT'S A MUSEUM, BUT NOT AS WE KNOW IT: ISSUES FOR LOCAL RESIDENTS ACCESSING THE MUSEUM OF OLD AND NEW ART",2017.0,VISITOR STUDIES,VISIT STUD,True,10,trunk_subtopic_1,smes; marketing; performance; capabilities; entrepreneurial,7,0.001546,0.0,,,0.004419,0.0,0,511
branch_3_06,"BOOTH K, 2017, VISIT STUD",branch_3,0,"IT'S A MUSEUM, BUT NOT AS WE KNOW IT: ISSUES FOR LOCAL RESIDENTS ACCESSING THE MUSEUM OF OLD AND NEW ART",2017.0,VISITOR STUDIES,VISIT STUD,True,10,trunk_subtopic_3,marketing; traditional; uncertainty; conditions; size,3,0.002707,0.0,,,0.007733,0.0,0,275
branch_3_07,"FIGUEIREDO B, 2016, J CONSUM RES",branch_3,0,THE SYSTEMIC CREATION OF VALUE THROUGH CIRCULATION IN COLLABORATIVE CONSUMER NETWORKS,2016.0,JOURNAL OF CONSUMER RESEARCH,J CONSUM RES,True,7,trunk_subtopic_2,marketing; entrepreneurial; firms; interrelationship; entrepreneur,6,0.009275,0.0,,,0.026501,0.0,0,268
branch_3_07,"FIGUEIREDO B, 2016, J CONSUM RES",branch_3,0,THE SYSTEMIC CREATION OF VALUE THROUGH CIRCULATION IN COLLABORATIVE CONSUMER NETWORKS,2016.0,JOURNAL OF CONSUMER RESEARCH,J CONSUM RES,True,7,trunk_subtopic_1,smes; marketing; performance; capabilities; entrepreneurial,7,0.007037,0.0,,,0.020105,0.0,0,511
branch_3_07,"FIGUEIREDO B, 2016, J CONSUM RES",branch_3,0,THE SYSTEMIC CREATION OF VALUE THROUGH CIRCULATION IN COLLABORATIVE CONSUMER NETWORKS,2016.0,JOURNAL OF CONSUMER RESEARCH,J CONSUM RES,True,7,trunk_subtopic_3,marketing; traditional; uncertainty; conditions; size,3,0.013893,0.0,,,0.039694,0.0,0,275
branch_3_08,"FILLIS I, 2015",branch_3,0,THE ARTIST AS MARKETER AND ENTREPRENEUR,2015.0,,,True,96,trunk_subtopic_2,marketing; entrepreneurial; firms; interrelationship; entrepreneur,6,0.073243,0.0,,,0.209265,0.0,0,268
branch_3_08,"FILLIS I, 2015",branch_3,0,THE ARTIST AS MARKETER AND ENTREPRENEUR,2015.0,,,True,96,trunk_subtopic_1,smes; marketing; performance; capabilities; entrepreneurial,7,0.049788,0.0,,,0.142253,0.0,0,511
branch_3_08,"FILLIS I, 2015",branch_3,0,THE ARTIST AS MARKETER AND ENTREPRENEUR,2015.0,,,True,96,trunk_subtopic_3,marketing; traditional; uncertainty; conditions; size,3,0.043025,0.0,,,0.12293,0.0,0,275
branch_3_09,"LEHMAN K, 2014, J RES MARK ENTREP",branch_3,0,THE ART OF ENTREPRENEURIAL MARKET CREATION,2014.0,JOURNAL OF RESEARCH IN MARKETING AND ENTREPRENEURSHIP,J RES MARK ENTREP,True,4,trunk_subtopic_2,marketing; entrepreneurial; firms; interrelationship; entrepreneur,6,0.036931,0.0,,,0.105517,0.0,0,268
branch_3_09,"LEHMAN K, 2014, J RES MARK ENTREP",branch_3,0,THE ART OF ENTREPRENEURIAL MARKET CREATION,2014.0,JOURNAL OF RESEARCH IN MARKETING AND ENTREPRENEURSHIP,J RES MARK ENTREP,True,4,trunk_subtopic_1,smes; marketing; performance; capabilities; entrepreneurial,7,0.033742,0.0,,,0.096405,0.0,0,511
branch_3_09,"LEHMAN K, 2014, J RES MARK ENTREP",branch_3,0,THE ART OF ENTREPRENEURIAL MARKET CREATION,2014.0,JOURNAL OF RESEARCH IN MARKETING AND ENTREPRENEURSHIP,J RES MARK ENTREP,True,4,trunk_subtopic_3,marketing; traditional; uncertainty; conditions; size,3,0.064808,0.0,,,0.185167,0.0,0,275
branch_3_10,"FROST V, 2014, THEGUARDIAN",branch_3,0,,2014.0,,THEGUARDIAN,True,0,trunk_subtopic_2,marketing; entrepreneurial; firms; interrelationship; entrepreneur,6,0.0,0.0,,,0.0,0.0,0,268
branch_3_10,"FROST V, 2014, THEGUARDIAN",branch_3,0,,2014.0,,THEGUARDIAN,True,0,trunk_subtopic_1,smes; marketing; performance; capabilities; entrepreneurial,7,0.0,0.0,,,0.0,0.0,0,511
branch_3_10,"FROST V, 2014, THEGUARDIAN",branch_3,0,,2014.0,,THEGUARDIAN,True,0,trunk_subtopic_3,marketing; traditional; uncertainty; conditions; size,3,0.0,0.0,,,0.0,0.0,0,275
branch_3_11,"CROSSICK G, 2014, CULT TRENDS",branch_3,0,UNDER CONSTRUCTION: TOWARDS A FRAMEWORK FOR CULTURAL VALUE,2014.0,CULTURAL TRENDS,CULT TRENDS,True,6,trunk_subtopic_2,marketing; entrepreneurial; firms; interrelationship; entrepreneur,6,0.016855,0.0,,,0.048156,0.0,0,268
branch_3_11,"CROSSICK G, 2014, CULT TRENDS",branch_3,0,UNDER CONSTRUCTION: TOWARDS A FRAMEWORK FOR CULTURAL VALUE,2014.0,CULTURAL TRENDS,CULT TRENDS,True,6,trunk_subtopic_1,smes; marketing; performance; capabilities; entrepreneurial,7,0.013099,0.0,,,0.037427,0.0,0,511
branch_3_11,"CROSSICK G, 2014, CULT TRENDS",branch_3,0,UNDER CONSTRUCTION: TOWARDS A FRAMEWORK FOR CULTURAL VALUE,2014.0,CULTURAL TRENDS,CULT TRENDS,True,6,trunk_subtopic_3,marketing; traditional; uncertainty; conditions; size,3,0.04146,0.0,,,0.118458,0.0,0,275
branch_3_12,"ROXAS B, 2013, TOURISM MANAGE",branch_3,0,EFFECTS OF FORMAL INSTITUTIONS ON THE PERFORMANCE OF THE TOURISM SECTOR IN THE PHILIPPINES: THE MEDIATING ROLE OF ENTREPRENEURIAL ORIENTATION,2013.0,TOURISM MANAGEMENT,TOURISM MANAGE,True,11,trunk_subtopic_2,marketing; entrepreneurial; firms; interrelationship; entrepreneur,6,0.020656,0.0,,,0.059018,0.0,0,268
branch_3_12,"ROXAS B, 2013, TOURISM MANAGE",branch_3,0,EFFECTS OF FORMAL INSTITUTIONS ON THE PERFORMANCE OF THE TOURISM SECTOR IN THE PHILIPPINES: THE MEDIATING ROLE OF ENTREPRENEURIAL ORIENTATION,2013.0,TOURISM MANAGEMENT,TOURISM MANAGE,True,11,trunk_subtopic_1,smes; marketing; performance; capabilities; entrepreneurial,7,0.049682,0.0,,,0.141949,0.0,0,511
branch_3_12,"ROXAS B, 2013, TOURISM MANAGE",branch_3,0,EFFECTS OF FORMAL INSTITUTIONS ON THE PERFORMANCE OF THE TOURISM SECTOR IN THE PHILIPPINES: THE MEDIATING ROLE OF ENTREPRENEURIAL ORIENTATION,2013.0,TOURISM MANAGEMENT,TOURISM MANAGE,True,11,trunk_subtopic_3,marketing; traditional; uncertainty; conditions; size,3,0.026712,0.0,,,0.07632,0.0,0,275
branch_3_13,"KIRCHNER TA, 2013, SOCIAL BUSINESS",branch_3,0,,2013.0,,SOCIAL BUSINESS,True,0,trunk_subtopic_2,marketing; entrepreneurial; firms; interrelationship; entrepreneur,6,0.0,0.0,,,0.0,0.0,0,268
branch_3_13,"KIRCHNER TA, 2013, SOCIAL BUSINESS",branch_3,0,,2013.0,,SOCIAL BUSINESS,True,0,trunk_subtopic_1,smes; marketing; performance; capabilities; entrepreneurial,7,0.0,0.0,,,0.0,0.0,0,511
branch_3_13,"KIRCHNER TA, 2013, SOCIAL BUSINESS",branch_3,0,,2013.0,,SOCIAL BUSINESS,True,0,trunk_subtopic_3,marketing; traditional; uncertainty; conditions; size,3,0.0,0.0,,,0.0,0.0,0,275
branch_3_14,"KIRCHNER T, 2013",branch_3,0,ENTREPRENEURIAL MARKETING OF NONPROFIT ARTS ORGANISATIONS,2013.0,SOCIAL BUSINESS,,True,5,trunk_subtopic_2,marketing; entrepreneurial; firms; interrelationship; entrepreneur,6,0.072995,0.0,,,0.208557,0.0,0,268
branch_3_14,"KIRCHNER T, 2013",branch_3,0,ENTREPRENEURIAL MARKETING OF NONPROFIT ARTS ORGANISATIONS,2013.0,SOCIAL BUSINESS,,True,5,trunk_subtopic_1,smes; marketing; performance; capabilities; entrepreneurial,7,0.051498,0.0,,,0.147137,0.0,0,511
branch_3_14,"KIRCHNER T, 2013",branch_3,0,ENTREPRENEURIAL MARKETING OF NONPROFIT ARTS ORGANISATIONS,2013.0,SOCIAL BUSINESS,,True,5,trunk_subtopic_3,marketing; traditional; uncertainty; conditions; size,3,0.049039,0.0,,,0.140112,0.0,0,275
branch_3_15,"HALLAK R, 2012, TOURISM MANAGE",branch_3,0,THE PLACE IDENTITY – PERFORMANCE RELATIONSHIP AMONG TOURISM ENTREPRENEURS: A STRUCTURAL EQUATION MODELLING ANALYSIS,2012.0,TOURISM MANAGEMENT,TOURISM MANAGE,True,9,trunk_subtopic_2,marketing; entrepreneurial; firms; interrelationship; entrepreneur,6,0.003681,0.0,,,0.010518,0.0,0,268
branch_3_15,"HALLAK R, 2012, TOURISM MANAGE",branch_3,0,THE PLACE IDENTITY – PERFORMANCE RELATIONSHIP AMONG TOURISM ENTREPRENEURS: A STRUCTURAL EQUATION MODELLING ANALYSIS,2012.0,TOURISM MANAGEMENT,TOURISM MANAGE,True,9,trunk_subtopic_1,smes; marketing; performance; capabilities; entrepreneurial,7,0.046565,0.0,,,0.133041,0.0,0,511
branch_3_15,"HALLAK R, 2012, TOURISM MANAGE",branch_3,0,THE PLACE IDENTITY – PERFORMANCE RELATIONSHIP AMONG TOURISM ENTREPRENEURS: A STRUCTURAL EQUATION MODELLING ANALYSIS,2012.0,TOURISM MANAGEMENT,TOURISM MANAGE,True,9,trunk_subtopic_3,marketing; traditional; uncertainty; conditions; size,3,0.018879,0.0,,,0.053941,0.0,0,275
