source_root_id,target_root_id,source_node_id,target_node_id,source_title,target_title,source_influence_count,target_influence_count,shared_influence_count,structural_cosine,structural_jaccard
root_05,root_06,"MILLER D, 1983, MANAGE SCI","MATSUNO K, 2002, J MARKETING",THE CORRELATES OF ENTREPRENEURSHIP IN THREE TYPES OF FIRMS,THE EFFECTS OF ENTREPRENEURIAL PROCLIVITY AND MARKET ORIENTATION ON BUSINESS PERFORMANCE,260,261,260,0.998082,0.996169
root_04,root_05,"SHANE S, 2000, ACAD MANAGE REV","MILLER D, 1983, MANAGE SCI",THE PROMISE OF ENTREPRENEURSHIP AS A FIELD OF RESEARCH,THE CORRELATES OF ENTREPRENEURSHIP IN THREE TYPES OF FIRMS,260,260,259,0.996154,0.992337
root_05,root_07,"MILLER D, 1983, MANAGE SCI","LUMPKIN GT, 1996, ACAD MANAGE REV",THE CORRELATES OF ENTREPRENEURSHIP IN THREE TYPES OF FIRMS,CLARIFYING THE ENTREPRENEURIAL ORIENTATION CONSTRUCT AND LINKING IT TO PERFORMANCE,260,263,260,0.99428,0.988593
root_04,root_06,"SHANE S, 2000, ACAD MANAGE REV","MATSUNO K, 2002, J MARKETING",THE PROMISE OF ENTREPRENEURSHIP AS A FIELD OF RESEARCH,THE EFFECTS OF ENTREPRENEURIAL PROCLIVITY AND MARKET ORIENTATION ON BUSINESS PERFORMANCE,260,261,259,0.994244,0.98855
root_06,root_07,"MATSUNO K, 2002, J MARKETING","LUMPKIN GT, 1996, ACAD MANAGE REV",THE EFFECTS OF ENTREPRENEURIAL PROCLIVITY AND MARKET ORIENTATION ON BUSINESS PERFORMANCE,CLARIFYING THE ENTREPRENEURIAL ORIENTATION CONSTRUCT AND LINKING IT TO PERFORMANCE,261,263,260,0.992374,0.984848
root_04,root_08,"SHANE S, 2000, ACAD MANAGE REV","BARNEY J, 1991, J MANAGE",THE PROMISE OF ENTREPRENEURSHIP AS A FIELD OF RESEARCH,FIRM RESOURCES AND SUSTAINED COMPETITIVE ADVANTAGE,260,262,259,0.992344,0.984791
root_05,root_08,"MILLER D, 1983, MANAGE SCI","BARNEY J, 1991, J MANAGE",THE CORRELATES OF ENTREPRENEURSHIP IN THREE TYPES OF FIRMS,FIRM RESOURCES AND SUSTAINED COMPETITIVE ADVANTAGE,260,262,259,0.992344,0.984791
root_07,root_08,"LUMPKIN GT, 1996, ACAD MANAGE REV","BARNEY J, 1991, J MANAGE",CLARIFYING THE ENTREPRENEURIAL ORIENTATION CONSTRUCT AND LINKING IT TO PERFORMANCE,FIRM RESOURCES AND SUSTAINED COMPETITIVE ADVANTAGE,263,262,260,0.990478,0.981132
root_04,root_07,"SHANE S, 2000, ACAD MANAGE REV","LUMPKIN GT, 1996, ACAD MANAGE REV",THE PROMISE OF ENTREPRENEURSHIP AS A FIELD OF RESEARCH,CLARIFYING THE ENTREPRENEURIAL ORIENTATION CONSTRUCT AND LINKING IT TO PERFORMANCE,260,263,259,0.990456,0.981061
root_06,root_08,"MATSUNO K, 2002, J MARKETING","BARNEY J, 1991, J MANAGE",THE EFFECTS OF ENTREPRENEURIAL PROCLIVITY AND MARKET ORIENTATION ON BUSINESS PERFORMANCE,FIRM RESOURCES AND SUSTAINED COMPETITIVE ADVANTAGE,261,262,259,0.990442,0.981061
root_03,root_06,"STOKES D, 2000, J RES MARKETING ENTR","MATSUNO K, 2002, J MARKETING",PUTTING ENTREPRENEURSHIP INTO MARKETING: THE PROCESSES OF ENTREPRENEURIAL MARKETING,THE EFFECTS OF ENTREPRENEURIAL PROCLIVITY AND MARKET ORIENTATION ON BUSINESS PERFORMANCE,266,261,260,0.986762,0.973783
root_02,root_03,"COLLINSON E, 2001, MANAGEMENT DECISION","STOKES D, 2000, J RES MARKETING ENTR",ENTREPRENEURIAL MARKETING – A HISTORICAL PERSPECTIVE ON DEVELOPMENT AND PRACTICE,PUTTING ENTREPRENEURSHIP INTO MARKETING: THE PROCESSES OF ENTREPRENEURIAL MARKETING,274,266,266,0.985293,0.970803
root_03,root_04,"STOKES D, 2000, J RES MARKETING ENTR","SHANE S, 2000, ACAD MANAGE REV",PUTTING ENTREPRENEURSHIP INTO MARKETING: THE PROCESSES OF ENTREPRENEURIAL MARKETING,THE PROMISE OF ENTREPRENEURSHIP AS A FIELD OF RESEARCH,266,260,259,0.984855,0.970037
root_03,root_05,"STOKES D, 2000, J RES MARKETING ENTR","MILLER D, 1983, MANAGE SCI",PUTTING ENTREPRENEURSHIP INTO MARKETING: THE PROCESSES OF ENTREPRENEURIAL MARKETING,THE CORRELATES OF ENTREPRENEURSHIP IN THREE TYPES OF FIRMS,266,260,259,0.984855,0.970037
root_01,root_02,"MORRIS MH, 2002, J MARKET THEORY PRAC","COLLINSON E, 2001, MANAGEMENT DECISION",ENTREPRENEURIAL MARKETING: A CONSTRUCT FOR INTEGRATING EMERGING ENTREPRENEURSHIP AND MARKETING PERSPECTIVES,ENTREPRENEURIAL MARKETING – A HISTORICAL PERSPECTIVE ON DEVELOPMENT AND PRACTICE,271,274,268,0.983501,0.967509
root_01,root_06,"MORRIS MH, 2002, J MARKET THEORY PRAC","MATSUNO K, 2002, J MARKETING",ENTREPRENEURIAL MARKETING: A CONSTRUCT FOR INTEGRATING EMERGING ENTREPRENEURSHIP AND MARKETING PERSPECTIVES,THE EFFECTS OF ENTREPRENEURIAL PROCLIVITY AND MARKET ORIENTATION ON BUSINESS PERFORMANCE,271,261,261,0.981376,0.9631
root_03,root_08,"STOKES D, 2000, J RES MARKETING ENTR","BARNEY J, 1991, J MANAGE",PUTTING ENTREPRENEURSHIP INTO MARKETING: THE PROCESSES OF ENTREPRENEURIAL MARKETING,FIRM RESOURCES AND SUSTAINED COMPETITIVE ADVANTAGE,266,262,259,0.981089,0.962825
root_01,root_08,"MORRIS MH, 2002, J MARKET THEORY PRAC","BARNEY J, 1991, J MANAGE",ENTREPRENEURIAL MARKETING: A CONSTRUCT FOR INTEGRATING EMERGING ENTREPRENEURSHIP AND MARKETING PERSPECTIVES,FIRM RESOURCES AND SUSTAINED COMPETITIVE ADVANTAGE,271,262,261,0.979502,0.959559
root_01,root_04,"MORRIS MH, 2002, J MARKET THEORY PRAC","SHANE S, 2000, ACAD MANAGE REV",ENTREPRENEURIAL MARKETING: A CONSTRUCT FOR INTEGRATING EMERGING ENTREPRENEURSHIP AND MARKETING PERSPECTIVES,THE PROMISE OF ENTREPRENEURSHIP AS A FIELD OF RESEARCH,271,260,260,0.979495,0.95941
root_01,root_05,"MORRIS MH, 2002, J MARKET THEORY PRAC","MILLER D, 1983, MANAGE SCI",ENTREPRENEURIAL MARKETING: A CONSTRUCT FOR INTEGRATING EMERGING ENTREPRENEURSHIP AND MARKETING PERSPECTIVES,THE CORRELATES OF ENTREPRENEURSHIP IN THREE TYPES OF FIRMS,271,260,260,0.979495,0.95941
root_03,root_07,"STOKES D, 2000, J RES MARKETING ENTR","LUMPKIN GT, 1996, ACAD MANAGE REV",PUTTING ENTREPRENEURSHIP INTO MARKETING: THE PROCESSES OF ENTREPRENEURIAL MARKETING,CLARIFYING THE ENTREPRENEURIAL ORIENTATION CONSTRUCT AND LINKING IT TO PERFORMANCE,266,263,259,0.979222,0.959259
root_01,root_07,"MORRIS MH, 2002, J MARKET THEORY PRAC","LUMPKIN GT, 1996, ACAD MANAGE REV",ENTREPRENEURIAL MARKETING: A CONSTRUCT FOR INTEGRATING EMERGING ENTREPRENEURSHIP AND MARKETING PERSPECTIVES,CLARIFYING THE ENTREPRENEURIAL ORIENTATION CONSTRUCT AND LINKING IT TO PERFORMANCE,271,263,261,0.977638,0.956044
root_01,root_03,"MORRIS MH, 2002, J MARKET THEORY PRAC","STOKES D, 2000, J RES MARKETING ENTR",ENTREPRENEURIAL MARKETING: A CONSTRUCT FOR INTEGRATING EMERGING ENTREPRENEURSHIP AND MARKETING PERSPECTIVES,PUTTING ENTREPRENEURSHIP INTO MARKETING: THE PROCESSES OF ENTREPRENEURIAL MARKETING,271,266,262,0.975834,0.952727
root_02,root_04,"COLLINSON E, 2001, MANAGEMENT DECISION","SHANE S, 2000, ACAD MANAGE REV",ENTREPRENEURIAL MARKETING – A HISTORICAL PERSPECTIVE ON DEVELOPMENT AND PRACTICE,THE PROMISE OF ENTREPRENEURSHIP AS A FIELD OF RESEARCH,274,260,260,0.974118,0.948905
root_02,root_06,"COLLINSON E, 2001, MANAGEMENT DECISION","MATSUNO K, 2002, J MARKETING",ENTREPRENEURIAL MARKETING – A HISTORICAL PERSPECTIVE ON DEVELOPMENT AND PRACTICE,THE EFFECTS OF ENTREPRENEURIAL PROCLIVITY AND MARKET ORIENTATION ON BUSINESS PERFORMANCE,274,261,260,0.97225,0.945455
root_02,root_08,"COLLINSON E, 2001, MANAGEMENT DECISION","BARNEY J, 1991, J MANAGE",ENTREPRENEURIAL MARKETING – A HISTORICAL PERSPECTIVE ON DEVELOPMENT AND PRACTICE,FIRM RESOURCES AND SUSTAINED COMPETITIVE ADVANTAGE,274,262,260,0.970392,0.942029
root_02,root_05,"COLLINSON E, 2001, MANAGEMENT DECISION","MILLER D, 1983, MANAGE SCI",ENTREPRENEURIAL MARKETING – A HISTORICAL PERSPECTIVE ON DEVELOPMENT AND PRACTICE,THE CORRELATES OF ENTREPRENEURSHIP IN THREE TYPES OF FIRMS,274,260,259,0.970371,0.941818
root_02,root_07,"COLLINSON E, 2001, MANAGEMENT DECISION","LUMPKIN GT, 1996, ACAD MANAGE REV",ENTREPRENEURIAL MARKETING – A HISTORICAL PERSPECTIVE ON DEVELOPMENT AND PRACTICE,CLARIFYING THE ENTREPRENEURIAL ORIENTATION CONSTRUCT AND LINKING IT TO PERFORMANCE,274,263,260,0.968546,0.938628
root_13,root_14,"NARVER JC, 1990, J MARKETING","KOHLI AK, 1990, J MARKETING",THE EFFECT OF A MARKET ORIENTATION ON BUSINESS PROFITABILITY,"MARKET ORIENTATION: THE CONSTRUCT, RESEARCH PROPOSITIONS, AND MANAGERIAL IMPLICATIONS",234,217,217,0.96299,0.92735
root_03,root_10,"STOKES D, 2000, J RES MARKETING ENTR","CARSON D, 1995, MARKETING AND ENTREPRENEURSHIP IN SMES - AN INNOVATIVE APPROACH",PUTTING ENTREPRENEURSHIP INTO MARKETING: THE PROCESSES OF ENTREPRENEURIAL MARKETING,Marketing and entrepreneurship in SMEs : an innovative approach,266,246,245,0.957762,0.917603
root_04,root_10,"SHANE S, 2000, ACAD MANAGE REV","CARSON D, 1995, MARKETING AND ENTREPRENEURSHIP IN SMES - AN INNOVATIVE APPROACH",THE PROMISE OF ENTREPRENEURSHIP AS A FIELD OF RESEARCH,Marketing and entrepreneurship in SMEs : an innovative approach,260,246,242,0.956888,0.916667
root_05,root_10,"MILLER D, 1983, MANAGE SCI","CARSON D, 1995, MARKETING AND ENTREPRENEURSHIP IN SMES - AN INNOVATIVE APPROACH",THE CORRELATES OF ENTREPRENEURSHIP IN THREE TYPES OF FIRMS,Marketing and entrepreneurship in SMEs : an innovative approach,260,246,242,0.956888,0.916667
root_06,root_10,"MATSUNO K, 2002, J MARKETING","CARSON D, 1995, MARKETING AND ENTREPRENEURSHIP IN SMES - AN INNOVATIVE APPROACH",THE EFFECTS OF ENTREPRENEURIAL PROCLIVITY AND MARKET ORIENTATION ON BUSINESS PERFORMANCE,Marketing and entrepreneurship in SMEs : an innovative approach,261,246,242,0.955053,0.913208
root_09,root_11,"SARASVATHY SD, 2001, ACAD MANAGE REV","READ S, 2009, J MARKETING",CAUSATION AND EFFECTUATION: TOWARD A THEORETICAL SHIFT FROM ECONOMIC INEVITABILITY TO ENTREPRENEURIAL CONTINGENCY,MARKETING UNDER UNCERTAINTY: THE LOGIC OF AN EFFECTUAL APPROACH,226,206,206,0.954727,0.911504
root_08,root_10,"BARNEY J, 1991, J MANAGE","CARSON D, 1995, MARKETING AND ENTREPRENEURSHIP IN SMES - AN INNOVATIVE APPROACH",FIRM RESOURCES AND SUSTAINED COMPETITIVE ADVANTAGE,Marketing and entrepreneurship in SMEs : an innovative approach,262,246,242,0.953229,0.909774
root_10,root_12,"CARSON D, 1995, MARKETING AND ENTREPRENEURSHIP IN SMES - AN INNOVATIVE APPROACH","BJERKE B, 2002, ENTREPRENEURIAL MARK",Marketing and entrepreneurship in SMEs : an innovative approach,Entrepreneurial Marketing: The Growth of Small Firms in the New Economic Era,246,223,223,0.952105,0.906504
root_07,root_10,"LUMPKIN GT, 1996, ACAD MANAGE REV","CARSON D, 1995, MARKETING AND ENTREPRENEURSHIP IN SMES - AN INNOVATIVE APPROACH",CLARIFYING THE ENTREPRENEURIAL ORIENTATION CONSTRUCT AND LINKING IT TO PERFORMANCE,Marketing and entrepreneurship in SMEs : an innovative approach,263,246,242,0.951415,0.906367
root_02,root_10,"COLLINSON E, 2001, MANAGEMENT DECISION","CARSON D, 1995, MARKETING AND ENTREPRENEURSHIP IN SMES - AN INNOVATIVE APPROACH",ENTREPRENEURIAL MARKETING – A HISTORICAL PERSPECTIVE ON DEVELOPMENT AND PRACTICE,Marketing and entrepreneurship in SMEs : an innovative approach,274,246,245,0.943677,0.890909
root_10,root_13,"CARSON D, 1995, MARKETING AND ENTREPRENEURSHIP IN SMES - AN INNOVATIVE APPROACH","NARVER JC, 1990, J MARKETING",Marketing and entrepreneurship in SMEs : an innovative approach,THE EFFECT OF A MARKET ORIENTATION ON BUSINESS PROFITABILITY,246,234,225,0.937793,0.882353
root_01,root_10,"MORRIS MH, 2002, J MARKET THEORY PRAC","CARSON D, 1995, MARKETING AND ENTREPRENEURSHIP IN SMES - AN INNOVATIVE APPROACH",ENTREPRENEURIAL MARKETING: A CONSTRUCT FOR INTEGRATING EMERGING ENTREPRENEURSHIP AND MARKETING PERSPECTIVES,Marketing and entrepreneurship in SMEs : an innovative approach,271,246,242,0.937267,0.88
root_06,root_13,"MATSUNO K, 2002, J MARKETING","NARVER JC, 1990, J MARKETING",THE EFFECTS OF ENTREPRENEURIAL PROCLIVITY AND MARKET ORIENTATION ON BUSINESS PERFORMANCE,THE EFFECT OF A MARKET ORIENTATION ON BUSINESS PROFITABILITY,261,234,231,0.934725,0.875
root_04,root_13,"SHANE S, 2000, ACAD MANAGE REV","NARVER JC, 1990, J MARKETING",THE PROMISE OF ENTREPRENEURSHIP AS A FIELD OF RESEARCH,THE EFFECT OF A MARKET ORIENTATION ON BUSINESS PROFITABILITY,260,234,230,0.932466,0.871212
root_05,root_13,"MILLER D, 1983, MANAGE SCI","NARVER JC, 1990, J MARKETING",THE CORRELATES OF ENTREPRENEURSHIP IN THREE TYPES OF FIRMS,THE EFFECT OF A MARKET ORIENTATION ON BUSINESS PROFITABILITY,260,234,230,0.932466,0.871212
root_07,root_13,"LUMPKIN GT, 1996, ACAD MANAGE REV","NARVER JC, 1990, J MARKETING",CLARIFYING THE ENTREPRENEURIAL ORIENTATION CONSTRUCT AND LINKING IT TO PERFORMANCE,THE EFFECT OF A MARKET ORIENTATION ON BUSINESS PROFITABILITY,263,234,231,0.931164,0.868421
root_09,root_12,"SARASVATHY SD, 2001, ACAD MANAGE REV","BJERKE B, 2002, ENTREPRENEURIAL MARK",CAUSATION AND EFFECTUATION: TOWARD A THEORETICAL SHIFT FROM ECONOMIC INEVITABILITY TO ENTREPRENEURIAL CONTINGENCY,Entrepreneurial Marketing: The Growth of Small Firms in the New Economic Era,226,223,209,0.930978,0.870833
root_10,root_14,"CARSON D, 1995, MARKETING AND ENTREPRENEURSHIP IN SMES - AN INNOVATIVE APPROACH","KOHLI AK, 1990, J MARKETING",Marketing and entrepreneurship in SMEs : an innovative approach,"MARKET ORIENTATION: THE CONSTRUCT, RESEARCH PROPOSITIONS, AND MANAGERIAL IMPLICATIONS",246,217,215,0.930553,0.866935
root_06,root_09,"MATSUNO K, 2002, J MARKETING","SARASVATHY SD, 2001, ACAD MANAGE REV",THE EFFECTS OF ENTREPRENEURIAL PROCLIVITY AND MARKET ORIENTATION ON BUSINESS PERFORMANCE,CAUSATION AND EFFECTUATION: TOWARD A THEORETICAL SHIFT FROM ECONOMIC INEVITABILITY TO ENTREPRENEURIAL CONTINGENCY,261,226,226,0.930538,0.8659
root_11,root_16,"READ S, 2009, J MARKETING","GILMORE A, 2011, J RES MARK ENTREP",MARKETING UNDER UNCERTAINTY: THE LOGIC OF AN EFFECTUAL APPROACH,ENTREPRENEURIAL AND SME MARKETING,206,182,180,0.929615,0.865385
root_09,root_10,"SARASVATHY SD, 2001, ACAD MANAGE REV","CARSON D, 1995, MARKETING AND ENTREPRENEURSHIP IN SMES - AN INNOVATIVE APPROACH",CAUSATION AND EFFECTUATION: TOWARD A THEORETICAL SHIFT FROM ECONOMIC INEVITABILITY TO ENTREPRENEURIAL CONTINGENCY,Marketing and entrepreneurship in SMEs : an innovative approach,226,246,219,0.9288,0.865613
root_04,root_09,"SHANE S, 2000, ACAD MANAGE REV","SARASVATHY SD, 2001, ACAD MANAGE REV",THE PROMISE OF ENTREPRENEURSHIP AS A FIELD OF RESEARCH,CAUSATION AND EFFECTUATION: TOWARD A THEORETICAL SHIFT FROM ECONOMIC INEVITABILITY TO ENTREPRENEURIAL CONTINGENCY,260,226,225,0.9282,0.862069
root_05,root_09,"MILLER D, 1983, MANAGE SCI","SARASVATHY SD, 2001, ACAD MANAGE REV",THE CORRELATES OF ENTREPRENEURSHIP IN THREE TYPES OF FIRMS,CAUSATION AND EFFECTUATION: TOWARD A THEORETICAL SHIFT FROM ECONOMIC INEVITABILITY TO ENTREPRENEURIAL CONTINGENCY,260,226,225,0.9282,0.862069
root_01,root_13,"MORRIS MH, 2002, J MARKET THEORY PRAC","NARVER JC, 1990, J MARKETING",ENTREPRENEURIAL MARKETING: A CONSTRUCT FOR INTEGRATING EMERGING ENTREPRENEURSHIP AND MARKETING PERSPECTIVES,THE EFFECT OF A MARKET ORIENTATION ON BUSINESS PROFITABILITY,271,234,233,0.925259,0.856618
root_08,root_13,"BARNEY J, 1991, J MANAGE","NARVER JC, 1990, J MARKETING",FIRM RESOURCES AND SUSTAINED COMPETITIVE ADVANTAGE,THE EFFECT OF A MARKET ORIENTATION ON BUSINESS PROFITABILITY,262,234,229,0.924862,0.857678
root_08,root_09,"BARNEY J, 1991, J MANAGE","SARASVATHY SD, 2001, ACAD MANAGE REV",FIRM RESOURCES AND SUSTAINED COMPETITIVE ADVANTAGE,CAUSATION AND EFFECTUATION: TOWARD A THEORETICAL SHIFT FROM ECONOMIC INEVITABILITY TO ENTREPRENEURIAL CONTINGENCY,262,226,225,0.924651,0.855513
root_07,root_09,"LUMPKIN GT, 1996, ACAD MANAGE REV","SARASVATHY SD, 2001, ACAD MANAGE REV",CLARIFYING THE ENTREPRENEURIAL ORIENTATION CONSTRUCT AND LINKING IT TO PERFORMANCE,CAUSATION AND EFFECTUATION: TOWARD A THEORETICAL SHIFT FROM ECONOMIC INEVITABILITY TO ENTREPRENEURIAL CONTINGENCY,263,226,225,0.922891,0.852273
root_03,root_13,"STOKES D, 2000, J RES MARKETING ENTR","NARVER JC, 1990, J MARKETING",PUTTING ENTREPRENEURSHIP INTO MARKETING: THE PROCESSES OF ENTREPRENEURIAL MARKETING,THE EFFECT OF A MARKET ORIENTATION ON BUSINESS PROFITABILITY,266,234,230,0.92189,0.851852
root_03,root_09,"STOKES D, 2000, J RES MARKETING ENTR","SARASVATHY SD, 2001, ACAD MANAGE REV",PUTTING ENTREPRENEURSHIP INTO MARKETING: THE PROCESSES OF ENTREPRENEURIAL MARKETING,CAUSATION AND EFFECTUATION: TOWARD A THEORETICAL SHIFT FROM ECONOMIC INEVITABILITY TO ENTREPRENEURIAL CONTINGENCY,266,226,226,0.921751,0.849624
root_16,root_17,"GILMORE A, 2011, J RES MARK ENTREP","HANSEN DJ, 2010, J RES MARK ENTREP",ENTREPRENEURIAL AND SME MARKETING,THE MARKETING/ENTREPRENEURSHIP INTERFACE: A REPORT ON THE “CHARLESTON SUMMIT”,182,170,162,0.92099,0.852632
root_12,root_13,"BJERKE B, 2002, ENTREPRENEURIAL MARK","NARVER JC, 1990, J MARKETING",Entrepreneurial Marketing: The Growth of Small Firms in the New Economic Era,THE EFFECT OF A MARKET ORIENTATION ON BUSINESS PROFITABILITY,223,234,210,0.919304,0.850202
root_12,root_14,"BJERKE B, 2002, ENTREPRENEURIAL MARK","KOHLI AK, 1990, J MARKETING",Entrepreneurial Marketing: The Growth of Small Firms in the New Economic Era,"MARKET ORIENTATION: THE CONSTRUCT, RESEARCH PROPOSITIONS, AND MANAGERIAL IMPLICATIONS",223,217,202,0.918267,0.848739
root_04,root_12,"SHANE S, 2000, ACAD MANAGE REV","BJERKE B, 2002, ENTREPRENEURIAL MARK",THE PROMISE OF ENTREPRENEURSHIP AS A FIELD OF RESEARCH,Entrepreneurial Marketing: The Growth of Small Firms in the New Economic Era,260,223,221,0.917811,0.843511
root_05,root_12,"MILLER D, 1983, MANAGE SCI","BJERKE B, 2002, ENTREPRENEURIAL MARK",THE CORRELATES OF ENTREPRENEURSHIP IN THREE TYPES OF FIRMS,Entrepreneurial Marketing: The Growth of Small Firms in the New Economic Era,260,223,221,0.917811,0.843511
root_02,root_13,"COLLINSON E, 2001, MANAGEMENT DECISION","NARVER JC, 1990, J MARKETING",ENTREPRENEURIAL MARKETING – A HISTORICAL PERSPECTIVE ON DEVELOPMENT AND PRACTICE,THE EFFECT OF A MARKET ORIENTATION ON BUSINESS PROFITABILITY,274,234,232,0.916231,0.84058
root_06,root_12,"MATSUNO K, 2002, J MARKETING","BJERKE B, 2002, ENTREPRENEURIAL MARK",THE EFFECTS OF ENTREPRENEURIAL PROCLIVITY AND MARKET ORIENTATION ON BUSINESS PERFORMANCE,Entrepreneurial Marketing: The Growth of Small Firms in the New Economic Era,261,223,221,0.916051,0.840304
root_11,root_12,"READ S, 2009, J MARKETING","BJERKE B, 2002, ENTREPRENEURIAL MARK",MARKETING UNDER UNCERTAINTY: THE LOGIC OF AN EFFECTUAL APPROACH,Entrepreneurial Marketing: The Growth of Small Firms in the New Economic Era,206,223,196,0.914471,0.841202
root_08,root_12,"BARNEY J, 1991, J MANAGE","BJERKE B, 2002, ENTREPRENEURIAL MARK",FIRM RESOURCES AND SUSTAINED COMPETITIVE ADVANTAGE,Entrepreneurial Marketing: The Growth of Small Firms in the New Economic Era,262,223,221,0.914301,0.837121
root_01,root_09,"MORRIS MH, 2002, J MARKET THEORY PRAC","SARASVATHY SD, 2001, ACAD MANAGE REV",ENTREPRENEURIAL MARKETING: A CONSTRUCT FOR INTEGRATING EMERGING ENTREPRENEURSHIP AND MARKETING PERSPECTIVES,CAUSATION AND EFFECTUATION: TOWARD A THEORETICAL SHIFT FROM ECONOMIC INEVITABILITY TO ENTREPRENEURIAL CONTINGENCY,271,226,226,0.913208,0.833948
root_07,root_12,"LUMPKIN GT, 1996, ACAD MANAGE REV","BJERKE B, 2002, ENTREPRENEURIAL MARK",CLARIFYING THE ENTREPRENEURIAL ORIENTATION CONSTRUCT AND LINKING IT TO PERFORMANCE,Entrepreneurial Marketing: The Growth of Small Firms in the New Economic Era,263,223,221,0.912561,0.833962
root_03,root_12,"STOKES D, 2000, J RES MARKETING ENTR","BJERKE B, 2002, ENTREPRENEURIAL MARK",PUTTING ENTREPRENEURSHIP INTO MARKETING: THE PROCESSES OF ENTREPRENEURIAL MARKETING,Entrepreneurial Marketing: The Growth of Small Firms in the New Economic Era,266,223,222,0.911506,0.831461
root_15,root_17,"HILLS G, 2011, JOURNAL OF SMALL BUSINESS AND ENTREPRENEURSHIP","HANSEN DJ, 2010, J RES MARK ENTREP",ACADEMIC ROOTS: THE PAST AND PRESENT OF ENTREPRENEURIAL MARKETING,THE MARKETING/ENTREPRENEURSHIP INTERFACE: A REPORT ON THE “CHARLESTON SUMMIT”,164,170,152,0.910327,0.835165
root_05,root_14,"MILLER D, 1983, MANAGE SCI","KOHLI AK, 1990, J MARKETING",THE CORRELATES OF ENTREPRENEURSHIP IN THREE TYPES OF FIRMS,"MARKET ORIENTATION: THE CONSTRUCT, RESEARCH PROPOSITIONS, AND MANAGERIAL IMPLICATIONS",260,217,216,0.909363,0.827586
root_15,root_16,"HILLS G, 2011, JOURNAL OF SMALL BUSINESS AND ENTREPRENEURSHIP","GILMORE A, 2011, J RES MARK ENTREP",ACADEMIC ROOTS: THE PAST AND PRESENT OF ENTREPRENEURIAL MARKETING,ENTREPRENEURIAL AND SME MARKETING,164,182,157,0.908745,0.830688
root_07,root_14,"LUMPKIN GT, 1996, ACAD MANAGE REV","KOHLI AK, 1990, J MARKETING",CLARIFYING THE ENTREPRENEURIAL ORIENTATION CONSTRUCT AND LINKING IT TO PERFORMANCE,"MARKET ORIENTATION: THE CONSTRUCT, RESEARCH PROPOSITIONS, AND MANAGERIAL IMPLICATIONS",263,217,217,0.908347,0.825095
root_02,root_09,"COLLINSON E, 2001, MANAGEMENT DECISION","SARASVATHY SD, 2001, ACAD MANAGE REV",ENTREPRENEURIAL MARKETING – A HISTORICAL PERSPECTIVE ON DEVELOPMENT AND PRACTICE,CAUSATION AND EFFECTUATION: TOWARD A THEORETICAL SHIFT FROM ECONOMIC INEVITABILITY TO ENTREPRENEURIAL CONTINGENCY,274,226,226,0.908195,0.824818
root_06,root_14,"MATSUNO K, 2002, J MARKETING","KOHLI AK, 1990, J MARKETING",THE EFFECTS OF ENTREPRENEURIAL PROCLIVITY AND MARKET ORIENTATION ON BUSINESS PERFORMANCE,"MARKET ORIENTATION: THE CONSTRUCT, RESEARCH PROPOSITIONS, AND MANAGERIAL IMPLICATIONS",261,217,216,0.907619,0.824427
root_04,root_14,"SHANE S, 2000, ACAD MANAGE REV","KOHLI AK, 1990, J MARKETING",THE PROMISE OF ENTREPRENEURSHIP AS A FIELD OF RESEARCH,"MARKET ORIENTATION: THE CONSTRUCT, RESEARCH PROPOSITIONS, AND MANAGERIAL IMPLICATIONS",260,217,215,0.905153,0.820611
root_09,root_14,"SARASVATHY SD, 2001, ACAD MANAGE REV","KOHLI AK, 1990, J MARKETING",CAUSATION AND EFFECTUATION: TOWARD A THEORETICAL SHIFT FROM ECONOMIC INEVITABILITY TO ENTREPRENEURIAL CONTINGENCY,"MARKET ORIENTATION: THE CONSTRUCT, RESEARCH PROPOSITIONS, AND MANAGERIAL IMPLICATIONS",226,217,200,0.903121,0.823045
root_10,root_11,"CARSON D, 1995, MARKETING AND ENTREPRENEURSHIP IN SMES - AN INNOVATIVE APPROACH","READ S, 2009, J MARKETING",Marketing and entrepreneurship in SMEs : an innovative approach,MARKETING UNDER UNCERTAINTY: THE LOGIC OF AN EFFECTUAL APPROACH,246,206,203,0.901768,0.815261
root_08,root_14,"BARNEY J, 1991, J MANAGE","KOHLI AK, 1990, J MARKETING",FIRM RESOURCES AND SUSTAINED COMPETITIVE ADVANTAGE,"MARKET ORIENTATION: THE CONSTRUCT, RESEARCH PROPOSITIONS, AND MANAGERIAL IMPLICATIONS",262,217,215,0.901691,0.814394
root_09,root_13,"SARASVATHY SD, 2001, ACAD MANAGE REV","NARVER JC, 1990, J MARKETING",CAUSATION AND EFFECTUATION: TOWARD A THEORETICAL SHIFT FROM ECONOMIC INEVITABILITY TO ENTREPRENEURIAL CONTINGENCY,THE EFFECT OF A MARKET ORIENTATION ON BUSINESS PROFITABILITY,226,234,207,0.900136,0.818182
root_01,root_12,"MORRIS MH, 2002, J MARKET THEORY PRAC","BJERKE B, 2002, ENTREPRENEURIAL MARK",ENTREPRENEURIAL MARKETING: A CONSTRUCT FOR INTEGRATING EMERGING ENTREPRENEURSHIP AND MARKETING PERSPECTIVES,Entrepreneurial Marketing: The Growth of Small Firms in the New Economic Era,271,223,221,0.898991,0.809524
root_02,root_12,"COLLINSON E, 2001, MANAGEMENT DECISION","BJERKE B, 2002, ENTREPRENEURIAL MARK",ENTREPRENEURIAL MARKETING – A HISTORICAL PERSPECTIVE ON DEVELOPMENT AND PRACTICE,Entrepreneurial Marketing: The Growth of Small Firms in the New Economic Era,274,223,222,0.898101,0.807273
root_03,root_14,"STOKES D, 2000, J RES MARKETING ENTR","KOHLI AK, 1990, J MARKETING",PUTTING ENTREPRENEURSHIP INTO MARKETING: THE PROCESSES OF ENTREPRENEURIAL MARKETING,"MARKET ORIENTATION: THE CONSTRUCT, RESEARCH PROPOSITIONS, AND MANAGERIAL IMPLICATIONS",266,217,215,0.894886,0.802239
root_12,root_16,"BJERKE B, 2002, ENTREPRENEURIAL MARK","GILMORE A, 2011, J RES MARK ENTREP",Entrepreneurial Marketing: The Growth of Small Firms in the New Economic Era,ENTREPRENEURIAL AND SME MARKETING,223,182,180,0.893479,0.8
root_01,root_14,"MORRIS MH, 2002, J MARKET THEORY PRAC","KOHLI AK, 1990, J MARKETING",ENTREPRENEURIAL MARKETING: A CONSTRUCT FOR INTEGRATING EMERGING ENTREPRENEURSHIP AND MARKETING PERSPECTIVES,"MARKET ORIENTATION: THE CONSTRUCT, RESEARCH PROPOSITIONS, AND MANAGERIAL IMPLICATIONS",271,217,216,0.890716,0.794118
root_11,root_14,"READ S, 2009, J MARKETING","KOHLI AK, 1990, J MARKETING",MARKETING UNDER UNCERTAINTY: THE LOGIC OF AN EFFECTUAL APPROACH,"MARKET ORIENTATION: THE CONSTRUCT, RESEARCH PROPOSITIONS, AND MANAGERIAL IMPLICATIONS",206,217,188,0.88919,0.8
root_06,root_11,"MATSUNO K, 2002, J MARKETING","READ S, 2009, J MARKETING",THE EFFECTS OF ENTREPRENEURIAL PROCLIVITY AND MARKET ORIENTATION ON BUSINESS PERFORMANCE,MARKETING UNDER UNCERTAINTY: THE LOGIC OF AN EFFECTUAL APPROACH,261,206,206,0.88841,0.789272
root_11,root_13,"READ S, 2009, J MARKETING","NARVER JC, 1990, J MARKETING",MARKETING UNDER UNCERTAINTY: THE LOGIC OF AN EFFECTUAL APPROACH,THE EFFECT OF A MARKET ORIENTATION ON BUSINESS PROFITABILITY,206,234,195,0.888164,0.795918
root_09,root_16,"SARASVATHY SD, 2001, ACAD MANAGE REV","GILMORE A, 2011, J RES MARK ENTREP",CAUSATION AND EFFECTUATION: TOWARD A THEORETICAL SHIFT FROM ECONOMIC INEVITABILITY TO ENTREPRENEURIAL CONTINGENCY,ENTREPRENEURIAL AND SME MARKETING,226,182,180,0.887529,0.789474
root_04,root_11,"SHANE S, 2000, ACAD MANAGE REV","READ S, 2009, J MARKETING",THE PROMISE OF ENTREPRENEURSHIP AS A FIELD OF RESEARCH,MARKETING UNDER UNCERTAINTY: THE LOGIC OF AN EFFECTUAL APPROACH,260,206,205,0.885796,0.785441
root_05,root_11,"MILLER D, 1983, MANAGE SCI","READ S, 2009, J MARKETING",THE CORRELATES OF ENTREPRENEURSHIP IN THREE TYPES OF FIRMS,MARKETING UNDER UNCERTAINTY: THE LOGIC OF AN EFFECTUAL APPROACH,260,206,205,0.885796,0.785441
root_08,root_11,"BARNEY J, 1991, J MANAGE","READ S, 2009, J MARKETING",FIRM RESOURCES AND SUSTAINED COMPETITIVE ADVANTAGE,MARKETING UNDER UNCERTAINTY: THE LOGIC OF AN EFFECTUAL APPROACH,262,206,205,0.882408,0.779468
root_02,root_14,"COLLINSON E, 2001, MANAGEMENT DECISION","KOHLI AK, 1990, J MARKETING",ENTREPRENEURIAL MARKETING – A HISTORICAL PERSPECTIVE ON DEVELOPMENT AND PRACTICE,"MARKET ORIENTATION: THE CONSTRUCT, RESEARCH PROPOSITIONS, AND MANAGERIAL IMPLICATIONS",274,217,215,0.881725,0.778986
root_11,root_17,"READ S, 2009, J MARKETING","HANSEN DJ, 2010, J RES MARK ENTREP",MARKETING UNDER UNCERTAINTY: THE LOGIC OF AN EFFECTUAL APPROACH,THE MARKETING/ENTREPRENEURSHIP INTERFACE: A REPORT ON THE “CHARLESTON SUMMIT”,206,170,165,0.88171,0.781991
root_07,root_11,"LUMPKIN GT, 1996, ACAD MANAGE REV","READ S, 2009, J MARKETING",CLARIFYING THE ENTREPRENEURIAL ORIENTATION CONSTRUCT AND LINKING IT TO PERFORMANCE,MARKETING UNDER UNCERTAINTY: THE LOGIC OF AN EFFECTUAL APPROACH,263,206,205,0.880729,0.776515
root_03,root_11,"STOKES D, 2000, J RES MARKETING ENTR","READ S, 2009, J MARKETING",PUTTING ENTREPRENEURSHIP INTO MARKETING: THE PROCESSES OF ENTREPRENEURIAL MARKETING,MARKETING UNDER UNCERTAINTY: THE LOGIC OF AN EFFECTUAL APPROACH,266,206,206,0.880021,0.774436
root_14,root_17,"KOHLI AK, 1990, J MARKETING","HANSEN DJ, 2010, J RES MARK ENTREP","MARKET ORIENTATION: THE CONSTRUCT, RESEARCH PROPOSITIONS, AND MANAGERIAL IMPLICATIONS",THE MARKETING/ENTREPRENEURSHIP INTERFACE: A REPORT ON THE “CHARLESTON SUMMIT”,217,170,169,0.879898,0.775229
root_12,root_17,"BJERKE B, 2002, ENTREPRENEURIAL MARK","HANSEN DJ, 2010, J RES MARK ENTREP",Entrepreneurial Marketing: The Growth of Small Firms in the New Economic Era,THE MARKETING/ENTREPRENEURSHIP INTERFACE: A REPORT ON THE “CHARLESTON SUMMIT”,223,170,170,0.873116,0.762332
root_01,root_11,"MORRIS MH, 2002, J MARKET THEORY PRAC","READ S, 2009, J MARKETING",ENTREPRENEURIAL MARKETING: A CONSTRUCT FOR INTEGRATING EMERGING ENTREPRENEURSHIP AND MARKETING PERSPECTIVES,MARKETING UNDER UNCERTAINTY: THE LOGIC OF AN EFFECTUAL APPROACH,271,206,206,0.871864,0.760148
root_02,root_11,"COLLINSON E, 2001, MANAGEMENT DECISION","READ S, 2009, J MARKETING",ENTREPRENEURIAL MARKETING – A HISTORICAL PERSPECTIVE ON DEVELOPMENT AND PRACTICE,MARKETING UNDER UNCERTAINTY: THE LOGIC OF AN EFFECTUAL APPROACH,274,206,206,0.867078,0.751825
root_14,root_16,"KOHLI AK, 1990, J MARKETING","GILMORE A, 2011, J RES MARK ENTREP","MARKET ORIENTATION: THE CONSTRUCT, RESEARCH PROPOSITIONS, AND MANAGERIAL IMPLICATIONS",ENTREPRENEURIAL AND SME MARKETING,217,182,171,0.86046,0.75
root_09,root_17,"SARASVATHY SD, 2001, ACAD MANAGE REV","HANSEN DJ, 2010, J RES MARK ENTREP",CAUSATION AND EFFECTUATION: TOWARD A THEORETICAL SHIFT FROM ECONOMIC INEVITABILITY TO ENTREPRENEURIAL CONTINGENCY,THE MARKETING/ENTREPRENEURSHIP INTERFACE: A REPORT ON THE “CHARLESTON SUMMIT”,226,170,168,0.857098,0.736842
root_10,root_16,"CARSON D, 1995, MARKETING AND ENTREPRENEURSHIP IN SMES - AN INNOVATIVE APPROACH","GILMORE A, 2011, J RES MARK ENTREP",Marketing and entrepreneurship in SMEs : an innovative approach,ENTREPRENEURIAL AND SME MARKETING,246,182,181,0.855412,0.732794
root_11,root_15,"READ S, 2009, J MARKETING","HILLS G, 2011, JOURNAL OF SMALL BUSINESS AND ENTREPRENEURSHIP",MARKETING UNDER UNCERTAINTY: THE LOGIC OF AN EFFECTUAL APPROACH,ACADEMIC ROOTS: THE PAST AND PRESENT OF ENTREPRENEURIAL MARKETING,206,164,157,0.85417,0.737089
root_14,root_15,"KOHLI AK, 1990, J MARKETING","HILLS G, 2011, JOURNAL OF SMALL BUSINESS AND ENTREPRENEURSHIP","MARKET ORIENTATION: THE CONSTRUCT, RESEARCH PROPOSITIONS, AND MANAGERIAL IMPLICATIONS",ACADEMIC ROOTS: THE PAST AND PRESENT OF ENTREPRENEURIAL MARKETING,217,164,161,0.853442,0.731818
root_12,root_15,"BJERKE B, 2002, ENTREPRENEURIAL MARK","HILLS G, 2011, JOURNAL OF SMALL BUSINESS AND ENTREPRENEURSHIP",Entrepreneurial Marketing: The Growth of Small Firms in the New Economic Era,ACADEMIC ROOTS: THE PAST AND PRESENT OF ENTREPRENEURIAL MARKETING,223,164,163,0.852341,0.727679
root_13,root_17,"NARVER JC, 1990, J MARKETING","HANSEN DJ, 2010, J RES MARK ENTREP",THE EFFECT OF A MARKET ORIENTATION ON BUSINESS PROFITABILITY,THE MARKETING/ENTREPRENEURSHIP INTERFACE: A REPORT ON THE “CHARLESTON SUMMIT”,234,170,169,0.847333,0.719149
root_13,root_16,"NARVER JC, 1990, J MARKETING","GILMORE A, 2011, J RES MARK ENTREP",THE EFFECT OF A MARKET ORIENTATION ON BUSINESS PROFITABILITY,ENTREPRENEURIAL AND SME MARKETING,234,182,174,0.843152,0.719008
root_09,root_15,"SARASVATHY SD, 2001, ACAD MANAGE REV","HILLS G, 2011, JOURNAL OF SMALL BUSINESS AND ENTREPRENEURSHIP",CAUSATION AND EFFECTUATION: TOWARD A THEORETICAL SHIFT FROM ECONOMIC INEVITABILITY TO ENTREPRENEURIAL CONTINGENCY,ACADEMIC ROOTS: THE PAST AND PRESENT OF ENTREPRENEURIAL MARKETING,226,164,161,0.836276,0.703057
root_15,root_18,"HILLS G, 2011, JOURNAL OF SMALL BUSINESS AND ENTREPRENEURSHIP","BECHERER RC, 2012, NEW ENGLAND JOURNAL OF ENTREPRENEURSHIP",ACADEMIC ROOTS: THE PAST AND PRESENT OF ENTREPRENEURIAL MARKETING,THE EFFECT OF ENTREPRENEURIAL MARKETING ON OUTCOME GOALS IN SMES,164,118,116,0.833864,0.698795
root_13,root_15,"NARVER JC, 1990, J MARKETING","HILLS G, 2011, JOURNAL OF SMALL BUSINESS AND ENTREPRENEURSHIP",THE EFFECT OF A MARKET ORIENTATION ON BUSINESS PROFITABILITY,ACADEMIC ROOTS: THE PAST AND PRESENT OF ENTREPRENEURIAL MARKETING,234,164,163,0.832066,0.693617
root_10,root_17,"CARSON D, 1995, MARKETING AND ENTREPRENEURSHIP IN SMES - AN INNOVATIVE APPROACH","HANSEN DJ, 2010, J RES MARK ENTREP",Marketing and entrepreneurship in SMEs : an innovative approach,THE MARKETING/ENTREPRENEURSHIP INTERFACE: A REPORT ON THE “CHARLESTON SUMMIT”,246,170,170,0.831298,0.691057
root_04,root_16,"SHANE S, 2000, ACAD MANAGE REV","GILMORE A, 2011, J RES MARK ENTREP",THE PROMISE OF ENTREPRENEURSHIP AS A FIELD OF RESEARCH,ENTREPRENEURIAL AND SME MARKETING,260,182,180,0.827466,0.687023
root_05,root_16,"MILLER D, 1983, MANAGE SCI","GILMORE A, 2011, J RES MARK ENTREP",THE CORRELATES OF ENTREPRENEURSHIP IN THREE TYPES OF FIRMS,ENTREPRENEURIAL AND SME MARKETING,260,182,180,0.827466,0.687023
root_17,root_18,"HANSEN DJ, 2010, J RES MARK ENTREP","BECHERER RC, 2012, NEW ENGLAND JOURNAL OF ENTREPRENEURSHIP",THE MARKETING/ENTREPRENEURSHIP INTERFACE: A REPORT ON THE “CHARLESTON SUMMIT”,THE EFFECT OF ENTREPRENEURIAL MARKETING ON OUTCOME GOALS IN SMES,170,118,117,0.826077,0.684211
root_06,root_16,"MATSUNO K, 2002, J MARKETING","GILMORE A, 2011, J RES MARK ENTREP",THE EFFECTS OF ENTREPRENEURIAL PROCLIVITY AND MARKET ORIENTATION ON BUSINESS PERFORMANCE,ENTREPRENEURIAL AND SME MARKETING,261,182,180,0.825879,0.684411
root_08,root_16,"BARNEY J, 1991, J MANAGE","GILMORE A, 2011, J RES MARK ENTREP",FIRM RESOURCES AND SUSTAINED COMPETITIVE ADVANTAGE,ENTREPRENEURIAL AND SME MARKETING,262,182,180,0.824302,0.681818
root_07,root_16,"LUMPKIN GT, 1996, ACAD MANAGE REV","GILMORE A, 2011, J RES MARK ENTREP",CLARIFYING THE ENTREPRENEURIAL ORIENTATION CONSTRUCT AND LINKING IT TO PERFORMANCE,ENTREPRENEURIAL AND SME MARKETING,263,182,180,0.822733,0.679245
root_03,root_16,"STOKES D, 2000, J RES MARKETING ENTR","GILMORE A, 2011, J RES MARK ENTREP",PUTTING ENTREPRENEURSHIP INTO MARKETING: THE PROCESSES OF ENTREPRENEURIAL MARKETING,ENTREPRENEURIAL AND SME MARKETING,266,182,181,0.822625,0.677903
root_02,root_16,"COLLINSON E, 2001, MANAGEMENT DECISION","GILMORE A, 2011, J RES MARK ENTREP",ENTREPRENEURIAL MARKETING – A HISTORICAL PERSPECTIVE ON DEVELOPMENT AND PRACTICE,ENTREPRENEURIAL AND SME MARKETING,274,182,182,0.815005,0.664234
root_01,root_16,"MORRIS MH, 2002, J MARKET THEORY PRAC","GILMORE A, 2011, J RES MARK ENTREP",ENTREPRENEURIAL MARKETING: A CONSTRUCT FOR INTEGRATING EMERGING ENTREPRENEURSHIP AND MARKETING PERSPECTIVES,ENTREPRENEURIAL AND SME MARKETING,271,182,181,0.815001,0.665441
root_10,root_15,"CARSON D, 1995, MARKETING AND ENTREPRENEURSHIP IN SMES - AN INNOVATIVE APPROACH","HILLS G, 2011, JOURNAL OF SMALL BUSINESS AND ENTREPRENEURSHIP",Marketing and entrepreneurship in SMEs : an innovative approach,ACADEMIC ROOTS: THE PAST AND PRESENT OF ENTREPRENEURIAL MARKETING,246,164,163,0.811518,0.659919
root_16,root_18,"GILMORE A, 2011, J RES MARK ENTREP","BECHERER RC, 2012, NEW ENGLAND JOURNAL OF ENTREPRENEURSHIP",ENTREPRENEURIAL AND SME MARKETING,THE EFFECT OF ENTREPRENEURIAL MARKETING ON OUTCOME GOALS IN SMES,182,118,118,0.805203,0.648352
root_04,root_17,"SHANE S, 2000, ACAD MANAGE REV","HANSEN DJ, 2010, J RES MARK ENTREP",THE PROMISE OF ENTREPRENEURSHIP AS A FIELD OF RESEARCH,THE MARKETING/ENTREPRENEURSHIP INTERFACE: A REPORT ON THE “CHARLESTON SUMMIT”,260,170,169,0.803851,0.64751
root_05,root_17,"MILLER D, 1983, MANAGE SCI","HANSEN DJ, 2010, J RES MARK ENTREP",THE CORRELATES OF ENTREPRENEURSHIP IN THREE TYPES OF FIRMS,THE MARKETING/ENTREPRENEURSHIP INTERFACE: A REPORT ON THE “CHARLESTON SUMMIT”,260,170,169,0.803851,0.64751
root_06,root_17,"MATSUNO K, 2002, J MARKETING","HANSEN DJ, 2010, J RES MARK ENTREP",THE EFFECTS OF ENTREPRENEURIAL PROCLIVITY AND MARKET ORIENTATION ON BUSINESS PERFORMANCE,THE MARKETING/ENTREPRENEURSHIP INTERFACE: A REPORT ON THE “CHARLESTON SUMMIT”,261,170,169,0.80231,0.645038
root_08,root_17,"BARNEY J, 1991, J MANAGE","HANSEN DJ, 2010, J RES MARK ENTREP",FIRM RESOURCES AND SUSTAINED COMPETITIVE ADVANTAGE,THE MARKETING/ENTREPRENEURSHIP INTERFACE: A REPORT ON THE “CHARLESTON SUMMIT”,262,170,169,0.800777,0.642586
root_07,root_17,"LUMPKIN GT, 1996, ACAD MANAGE REV","HANSEN DJ, 2010, J RES MARK ENTREP",CLARIFYING THE ENTREPRENEURIAL ORIENTATION CONSTRUCT AND LINKING IT TO PERFORMANCE,THE MARKETING/ENTREPRENEURSHIP INTERFACE: A REPORT ON THE “CHARLESTON SUMMIT”,263,170,169,0.799253,0.640152
root_03,root_17,"STOKES D, 2000, J RES MARKETING ENTR","HANSEN DJ, 2010, J RES MARK ENTREP",PUTTING ENTREPRENEURSHIP INTO MARKETING: THE PROCESSES OF ENTREPRENEURIAL MARKETING,THE MARKETING/ENTREPRENEURSHIP INTERFACE: A REPORT ON THE “CHARLESTON SUMMIT”,266,170,169,0.794733,0.632959
root_04,root_15,"SHANE S, 2000, ACAD MANAGE REV","HILLS G, 2011, JOURNAL OF SMALL BUSINESS AND ENTREPRENEURSHIP",THE PROMISE OF ENTREPRENEURSHIP AS A FIELD OF RESEARCH,ACADEMIC ROOTS: THE PAST AND PRESENT OF ENTREPRENEURIAL MARKETING,260,164,163,0.789367,0.624521
root_05,root_15,"MILLER D, 1983, MANAGE SCI","HILLS G, 2011, JOURNAL OF SMALL BUSINESS AND ENTREPRENEURSHIP",THE CORRELATES OF ENTREPRENEURSHIP IN THREE TYPES OF FIRMS,ACADEMIC ROOTS: THE PAST AND PRESENT OF ENTREPRENEURIAL MARKETING,260,164,163,0.789367,0.624521
root_06,root_15,"MATSUNO K, 2002, J MARKETING","HILLS G, 2011, JOURNAL OF SMALL BUSINESS AND ENTREPRENEURSHIP",THE EFFECTS OF ENTREPRENEURIAL PROCLIVITY AND MARKET ORIENTATION ON BUSINESS PERFORMANCE,ACADEMIC ROOTS: THE PAST AND PRESENT OF ENTREPRENEURIAL MARKETING,261,164,163,0.787853,0.622137
root_01,root_17,"MORRIS MH, 2002, J MARKET THEORY PRAC","HANSEN DJ, 2010, J RES MARK ENTREP",ENTREPRENEURIAL MARKETING: A CONSTRUCT FOR INTEGRATING EMERGING ENTREPRENEURSHIP AND MARKETING PERSPECTIVES,THE MARKETING/ENTREPRENEURSHIP INTERFACE: A REPORT ON THE “CHARLESTON SUMMIT”,271,170,169,0.787368,0.621324
root_08,root_15,"BARNEY J, 1991, J MANAGE","HILLS G, 2011, JOURNAL OF SMALL BUSINESS AND ENTREPRENEURSHIP",FIRM RESOURCES AND SUSTAINED COMPETITIVE ADVANTAGE,ACADEMIC ROOTS: THE PAST AND PRESENT OF ENTREPRENEURIAL MARKETING,262,164,163,0.786348,0.619772
root_07,root_15,"LUMPKIN GT, 1996, ACAD MANAGE REV","HILLS G, 2011, JOURNAL OF SMALL BUSINESS AND ENTREPRENEURSHIP",CLARIFYING THE ENTREPRENEURIAL ORIENTATION CONSTRUCT AND LINKING IT TO PERFORMANCE,ACADEMIC ROOTS: THE PAST AND PRESENT OF ENTREPRENEURIAL MARKETING,263,164,163,0.784852,0.617424
root_02,root_17,"COLLINSON E, 2001, MANAGEMENT DECISION","HANSEN DJ, 2010, J RES MARK ENTREP",ENTREPRENEURIAL MARKETING – A HISTORICAL PERSPECTIVE ON DEVELOPMENT AND PRACTICE,THE MARKETING/ENTREPRENEURSHIP INTERFACE: A REPORT ON THE “CHARLESTON SUMMIT”,274,170,169,0.783045,0.614545
root_03,root_15,"STOKES D, 2000, J RES MARKETING ENTR","HILLS G, 2011, JOURNAL OF SMALL BUSINESS AND ENTREPRENEURSHIP",PUTTING ENTREPRENEURSHIP INTO MARKETING: THE PROCESSES OF ENTREPRENEURIAL MARKETING,ACADEMIC ROOTS: THE PAST AND PRESENT OF ENTREPRENEURIAL MARKETING,266,164,163,0.780414,0.610487
root_01,root_15,"MORRIS MH, 2002, J MARKET THEORY PRAC","HILLS G, 2011, JOURNAL OF SMALL BUSINESS AND ENTREPRENEURSHIP",ENTREPRENEURIAL MARKETING: A CONSTRUCT FOR INTEGRATING EMERGING ENTREPRENEURSHIP AND MARKETING PERSPECTIVES,ACADEMIC ROOTS: THE PAST AND PRESENT OF ENTREPRENEURIAL MARKETING,271,164,164,0.777924,0.605166
root_02,root_15,"COLLINSON E, 2001, MANAGEMENT DECISION","HILLS G, 2011, JOURNAL OF SMALL BUSINESS AND ENTREPRENEURSHIP",ENTREPRENEURIAL MARKETING – A HISTORICAL PERSPECTIVE ON DEVELOPMENT AND PRACTICE,ACADEMIC ROOTS: THE PAST AND PRESENT OF ENTREPRENEURIAL MARKETING,274,164,164,0.773654,0.59854
root_11,root_18,"READ S, 2009, J MARKETING","BECHERER RC, 2012, NEW ENGLAND JOURNAL OF ENTREPRENEURSHIP",MARKETING UNDER UNCERTAINTY: THE LOGIC OF AN EFFECTUAL APPROACH,THE EFFECT OF ENTREPRENEURIAL MARKETING ON OUTCOME GOALS IN SMES,206,118,118,0.756846,0.572816
root_14,root_18,"KOHLI AK, 1990, J MARKETING","BECHERER RC, 2012, NEW ENGLAND JOURNAL OF ENTREPRENEURSHIP","MARKET ORIENTATION: THE CONSTRUCT, RESEARCH PROPOSITIONS, AND MANAGERIAL IMPLICATIONS",THE EFFECT OF ENTREPRENEURIAL MARKETING ON OUTCOME GOALS IN SMES,217,118,118,0.737414,0.543779
root_12,root_18,"BJERKE B, 2002, ENTREPRENEURIAL MARK","BECHERER RC, 2012, NEW ENGLAND JOURNAL OF ENTREPRENEURSHIP",Entrepreneurial Marketing: The Growth of Small Firms in the New Economic Era,THE EFFECT OF ENTREPRENEURIAL MARKETING ON OUTCOME GOALS IN SMES,223,118,118,0.727426,0.529148
root_09,root_18,"SARASVATHY SD, 2001, ACAD MANAGE REV","BECHERER RC, 2012, NEW ENGLAND JOURNAL OF ENTREPRENEURSHIP",CAUSATION AND EFFECTUATION: TOWARD A THEORETICAL SHIFT FROM ECONOMIC INEVITABILITY TO ENTREPRENEURIAL CONTINGENCY,THE EFFECT OF ENTREPRENEURIAL MARKETING ON OUTCOME GOALS IN SMES,226,118,118,0.722581,0.522124
root_13,root_18,"NARVER JC, 1990, J MARKETING","BECHERER RC, 2012, NEW ENGLAND JOURNAL OF ENTREPRENEURSHIP",THE EFFECT OF A MARKET ORIENTATION ON BUSINESS PROFITABILITY,THE EFFECT OF ENTREPRENEURIAL MARKETING ON OUTCOME GOALS IN SMES,234,118,118,0.710122,0.504274
root_10,root_18,"CARSON D, 1995, MARKETING AND ENTREPRENEURSHIP IN SMES - AN INNOVATIVE APPROACH","BECHERER RC, 2012, NEW ENGLAND JOURNAL OF ENTREPRENEURSHIP",Marketing and entrepreneurship in SMEs : an innovative approach,THE EFFECT OF ENTREPRENEURIAL MARKETING ON OUTCOME GOALS IN SMES,246,118,118,0.692586,0.479675
root_04,root_18,"SHANE S, 2000, ACAD MANAGE REV","BECHERER RC, 2012, NEW ENGLAND JOURNAL OF ENTREPRENEURSHIP",THE PROMISE OF ENTREPRENEURSHIP AS A FIELD OF RESEARCH,THE EFFECT OF ENTREPRENEURIAL MARKETING ON OUTCOME GOALS IN SMES,260,118,118,0.673681,0.453846
root_05,root_18,"MILLER D, 1983, MANAGE SCI","BECHERER RC, 2012, NEW ENGLAND JOURNAL OF ENTREPRENEURSHIP",THE CORRELATES OF ENTREPRENEURSHIP IN THREE TYPES OF FIRMS,THE EFFECT OF ENTREPRENEURIAL MARKETING ON OUTCOME GOALS IN SMES,260,118,118,0.673681,0.453846
root_06,root_18,"MATSUNO K, 2002, J MARKETING","BECHERER RC, 2012, NEW ENGLAND JOURNAL OF ENTREPRENEURSHIP",THE EFFECTS OF ENTREPRENEURIAL PROCLIVITY AND MARKET ORIENTATION ON BUSINESS PERFORMANCE,THE EFFECT OF ENTREPRENEURIAL MARKETING ON OUTCOME GOALS IN SMES,261,118,118,0.672389,0.452107
root_08,root_18,"BARNEY J, 1991, J MANAGE","BECHERER RC, 2012, NEW ENGLAND JOURNAL OF ENTREPRENEURSHIP",FIRM RESOURCES AND SUSTAINED COMPETITIVE ADVANTAGE,THE EFFECT OF ENTREPRENEURIAL MARKETING ON OUTCOME GOALS IN SMES,262,118,118,0.671105,0.450382
root_07,root_18,"LUMPKIN GT, 1996, ACAD MANAGE REV","BECHERER RC, 2012, NEW ENGLAND JOURNAL OF ENTREPRENEURSHIP",CLARIFYING THE ENTREPRENEURIAL ORIENTATION CONSTRUCT AND LINKING IT TO PERFORMANCE,THE EFFECT OF ENTREPRENEURIAL MARKETING ON OUTCOME GOALS IN SMES,263,118,118,0.669828,0.448669
root_03,root_18,"STOKES D, 2000, J RES MARKETING ENTR","BECHERER RC, 2012, NEW ENGLAND JOURNAL OF ENTREPRENEURSHIP",PUTTING ENTREPRENEURSHIP INTO MARKETING: THE PROCESSES OF ENTREPRENEURIAL MARKETING,THE EFFECT OF ENTREPRENEURIAL MARKETING ON OUTCOME GOALS IN SMES,266,118,118,0.66604,0.443609
root_01,root_18,"MORRIS MH, 2002, J MARKET THEORY PRAC","BECHERER RC, 2012, NEW ENGLAND JOURNAL OF ENTREPRENEURSHIP",ENTREPRENEURIAL MARKETING: A CONSTRUCT FOR INTEGRATING EMERGING ENTREPRENEURSHIP AND MARKETING PERSPECTIVES,THE EFFECT OF ENTREPRENEURIAL MARKETING ON OUTCOME GOALS IN SMES,271,118,118,0.659867,0.435424
root_02,root_18,"COLLINSON E, 2001, MANAGEMENT DECISION","BECHERER RC, 2012, NEW ENGLAND JOURNAL OF ENTREPRENEURSHIP",ENTREPRENEURIAL MARKETING – A HISTORICAL PERSPECTIVE ON DEVELOPMENT AND PRACTICE,THE EFFECT OF ENTREPRENEURIAL MARKETING ON OUTCOME GOALS IN SMES,274,118,118,0.656245,0.430657
root_18,root_19,"BECHERER RC, 2012, NEW ENGLAND JOURNAL OF ENTREPRENEURSHIP","ALQAHTANI N, 2022, J STRATEG MARK",THE EFFECT OF ENTREPRENEURIAL MARKETING ON OUTCOME GOALS IN SMES,"ENTREPRENEURIAL MARKETING AND FIRM PERFORMANCE: SCALE DEVELOPMENT, VALIDATION, AND EMPIRICAL TEST",118,36,34,0.521659,0.283333
root_15,root_19,"HILLS G, 2011, JOURNAL OF SMALL BUSINESS AND ENTREPRENEURSHIP","ALQAHTANI N, 2022, J STRATEG MARK",ACADEMIC ROOTS: THE PAST AND PRESENT OF ENTREPRENEURIAL MARKETING,"ENTREPRENEURIAL MARKETING AND FIRM PERFORMANCE: SCALE DEVELOPMENT, VALIDATION, AND EMPIRICAL TEST",164,36,36,0.468521,0.219512
root_17,root_19,"HANSEN DJ, 2010, J RES MARK ENTREP","ALQAHTANI N, 2022, J STRATEG MARK",THE MARKETING/ENTREPRENEURSHIP INTERFACE: A REPORT ON THE “CHARLESTON SUMMIT”,"ENTREPRENEURIAL MARKETING AND FIRM PERFORMANCE: SCALE DEVELOPMENT, VALIDATION, AND EMPIRICAL TEST",170,36,36,0.460179,0.211765
root_16,root_19,"GILMORE A, 2011, J RES MARK ENTREP","ALQAHTANI N, 2022, J STRATEG MARK",ENTREPRENEURIAL AND SME MARKETING,"ENTREPRENEURIAL MARKETING AND FIRM PERFORMANCE: SCALE DEVELOPMENT, VALIDATION, AND EMPIRICAL TEST",182,36,36,0.44475,0.197802
root_11,root_19,"READ S, 2009, J MARKETING","ALQAHTANI N, 2022, J STRATEG MARK",MARKETING UNDER UNCERTAINTY: THE LOGIC OF AN EFFECTUAL APPROACH,"ENTREPRENEURIAL MARKETING AND FIRM PERFORMANCE: SCALE DEVELOPMENT, VALIDATION, AND EMPIRICAL TEST",206,36,36,0.41804,0.174757
root_14,root_19,"KOHLI AK, 1990, J MARKETING","ALQAHTANI N, 2022, J STRATEG MARK","MARKET ORIENTATION: THE CONSTRUCT, RESEARCH PROPOSITIONS, AND MANAGERIAL IMPLICATIONS","ENTREPRENEURIAL MARKETING AND FIRM PERFORMANCE: SCALE DEVELOPMENT, VALIDATION, AND EMPIRICAL TEST",217,36,36,0.407307,0.165899
root_12,root_19,"BJERKE B, 2002, ENTREPRENEURIAL MARK","ALQAHTANI N, 2022, J STRATEG MARK",Entrepreneurial Marketing: The Growth of Small Firms in the New Economic Era,"ENTREPRENEURIAL MARKETING AND FIRM PERFORMANCE: SCALE DEVELOPMENT, VALIDATION, AND EMPIRICAL TEST",223,36,36,0.40179,0.161435
root_09,root_19,"SARASVATHY SD, 2001, ACAD MANAGE REV","ALQAHTANI N, 2022, J STRATEG MARK",CAUSATION AND EFFECTUATION: TOWARD A THEORETICAL SHIFT FROM ECONOMIC INEVITABILITY TO ENTREPRENEURIAL CONTINGENCY,"ENTREPRENEURIAL MARKETING AND FIRM PERFORMANCE: SCALE DEVELOPMENT, VALIDATION, AND EMPIRICAL TEST",226,36,36,0.399114,0.159292
root_13,root_19,"NARVER JC, 1990, J MARKETING","ALQAHTANI N, 2022, J STRATEG MARK",THE EFFECT OF A MARKET ORIENTATION ON BUSINESS PROFITABILITY,"ENTREPRENEURIAL MARKETING AND FIRM PERFORMANCE: SCALE DEVELOPMENT, VALIDATION, AND EMPIRICAL TEST",234,36,36,0.392232,0.153846
root_10,root_19,"CARSON D, 1995, MARKETING AND ENTREPRENEURSHIP IN SMES - AN INNOVATIVE APPROACH","ALQAHTANI N, 2022, J STRATEG MARK",Marketing and entrepreneurship in SMEs : an innovative approach,"ENTREPRENEURIAL MARKETING AND FIRM PERFORMANCE: SCALE DEVELOPMENT, VALIDATION, AND EMPIRICAL TEST",246,36,36,0.382546,0.146341
root_04,root_19,"SHANE S, 2000, ACAD MANAGE REV","ALQAHTANI N, 2022, J STRATEG MARK",THE PROMISE OF ENTREPRENEURSHIP AS A FIELD OF RESEARCH,"ENTREPRENEURIAL MARKETING AND FIRM PERFORMANCE: SCALE DEVELOPMENT, VALIDATION, AND EMPIRICAL TEST",260,36,36,0.372104,0.138462
root_05,root_19,"MILLER D, 1983, MANAGE SCI","ALQAHTANI N, 2022, J STRATEG MARK",THE CORRELATES OF ENTREPRENEURSHIP IN THREE TYPES OF FIRMS,"ENTREPRENEURIAL MARKETING AND FIRM PERFORMANCE: SCALE DEVELOPMENT, VALIDATION, AND EMPIRICAL TEST",260,36,36,0.372104,0.138462
root_06,root_19,"MATSUNO K, 2002, J MARKETING","ALQAHTANI N, 2022, J STRATEG MARK",THE EFFECTS OF ENTREPRENEURIAL PROCLIVITY AND MARKET ORIENTATION ON BUSINESS PERFORMANCE,"ENTREPRENEURIAL MARKETING AND FIRM PERFORMANCE: SCALE DEVELOPMENT, VALIDATION, AND EMPIRICAL TEST",261,36,36,0.371391,0.137931
root_08,root_19,"BARNEY J, 1991, J MANAGE","ALQAHTANI N, 2022, J STRATEG MARK",FIRM RESOURCES AND SUSTAINED COMPETITIVE ADVANTAGE,"ENTREPRENEURIAL MARKETING AND FIRM PERFORMANCE: SCALE DEVELOPMENT, VALIDATION, AND EMPIRICAL TEST",262,36,36,0.370681,0.137405
root_07,root_19,"LUMPKIN GT, 1996, ACAD MANAGE REV","ALQAHTANI N, 2022, J STRATEG MARK",CLARIFYING THE ENTREPRENEURIAL ORIENTATION CONSTRUCT AND LINKING IT TO PERFORMANCE,"ENTREPRENEURIAL MARKETING AND FIRM PERFORMANCE: SCALE DEVELOPMENT, VALIDATION, AND EMPIRICAL TEST",263,36,36,0.369976,0.136882
root_03,root_19,"STOKES D, 2000, J RES MARKETING ENTR","ALQAHTANI N, 2022, J STRATEG MARK",PUTTING ENTREPRENEURSHIP INTO MARKETING: THE PROCESSES OF ENTREPRENEURIAL MARKETING,"ENTREPRENEURIAL MARKETING AND FIRM PERFORMANCE: SCALE DEVELOPMENT, VALIDATION, AND EMPIRICAL TEST",266,36,36,0.367884,0.135338
root_01,root_19,"MORRIS MH, 2002, J MARKET THEORY PRAC","ALQAHTANI N, 2022, J STRATEG MARK",ENTREPRENEURIAL MARKETING: A CONSTRUCT FOR INTEGRATING EMERGING ENTREPRENEURSHIP AND MARKETING PERSPECTIVES,"ENTREPRENEURIAL MARKETING AND FIRM PERFORMANCE: SCALE DEVELOPMENT, VALIDATION, AND EMPIRICAL TEST",271,36,36,0.364474,0.132841
root_02,root_19,"COLLINSON E, 2001, MANAGEMENT DECISION","ALQAHTANI N, 2022, J STRATEG MARK",ENTREPRENEURIAL MARKETING – A HISTORICAL PERSPECTIVE ON DEVELOPMENT AND PRACTICE,"ENTREPRENEURIAL MARKETING AND FIRM PERFORMANCE: SCALE DEVELOPMENT, VALIDATION, AND EMPIRICAL TEST",274,36,36,0.362473,0.131387
